-- Data for tutor_finder
USE tutor_finder;

INSERT INTO tutor (tutor_id, full_name, email, location_postal) VALUES
  (1, 'Tutor 1', 'tutor1@example.com', 'N5N6Y6'),
  (2, 'Tutor 2', 'tutor2@example.com', 'D8C2D8'),
  (3, 'Tutor 3', 'tutor3@example.com', 'G6H2R3'),
  (4, 'Tutor 4', 'tutor4@example.com', 'O9P4X3'),
  (5, 'Tutor 5', 'tutor5@example.com', 'B8S9L7'),
  (6, 'Tutor 6', 'tutor6@example.com', 'T3V8F1'),
  (7, 'Tutor 7', 'tutor7@example.com', 'J7C7Y6'),
  (8, 'Tutor 8', 'tutor8@example.com', 'K5D1A4'),
  (9, 'Tutor 9', 'tutor9@example.com', 'J7S1I5'),
  (10, 'Tutor 10', 'tutor10@example.com', 'S7A3Q2'),
  (11, 'Tutor 11', 'tutor11@example.com', 'K7J3K2'),
  (12, 'Tutor 12', 'tutor12@example.com', 'Y5C7H0'),
  (13, 'Tutor 13', 'tutor13@example.com', 'Z6Q4S4'),
  (14, 'Tutor 14', 'tutor14@example.com', 'Z6F2O2'),
  (15, 'Tutor 15', 'tutor15@example.com', 'W6V5G8'),
  (16, 'Tutor 16', 'tutor16@example.com', 'Y1K1Y6'),
  (17, 'Tutor 17', 'tutor17@example.com', 'K8U5D1'),
  (18, 'Tutor 18', 'tutor18@example.com', 'W4L3R8'),
  (19, 'Tutor 19', 'tutor19@example.com', 'S8H2G7'),
  (20, 'Tutor 20', 'tutor20@example.com', 'S7V4J8'),
  (21, 'Tutor 21', 'tutor21@example.com', 'U8W2V1'),
  (22, 'Tutor 22', 'tutor22@example.com', 'Z4V4V6'),
  (23, 'Tutor 23', 'tutor23@example.com', 'Z6O4P8'),
  (24, 'Tutor 24', 'tutor24@example.com', 'G7B6H9'),
  (25, 'Tutor 25', 'tutor25@example.com', 'F7F9W4'),
  (26, 'Tutor 26', 'tutor26@example.com', 'A6I6S3'),
  (27, 'Tutor 27', 'tutor27@example.com', 'W4L6H9'),
  (28, 'Tutor 28', 'tutor28@example.com', 'H8H5Z1'),
  (29, 'Tutor 29', 'tutor29@example.com', 'P2Y8C8'),
  (30, 'Tutor 30', 'tutor30@example.com', 'B9K6J3'),
  (31, 'Tutor 31', 'tutor31@example.com', 'R0P7B0'),
  (32, 'Tutor 32', 'tutor32@example.com', 'N8X4X7'),
  (33, 'Tutor 33', 'tutor33@example.com', 'Y1H2Z3'),
  (34, 'Tutor 34', 'tutor34@example.com', 'K0G9E4'),
  (35, 'Tutor 35', 'tutor35@example.com', 'R9D9S1'),
  (36, 'Tutor 36', 'tutor36@example.com', 'E1H4U6'),
  (37, 'Tutor 37', 'tutor37@example.com', 'F4Z8L8'),
  (38, 'Tutor 38', 'tutor38@example.com', 'S4I3M2'),
  (39, 'Tutor 39', 'tutor39@example.com', 'O3C6R5'),
  (40, 'Tutor 40', 'tutor40@example.com', 'Y8T8B9'),
  (41, 'Tutor 41', 'tutor41@example.com', 'A1G4E2'),
  (42, 'Tutor 42', 'tutor42@example.com', 'Z7R0S3'),
  (43, 'Tutor 43', 'tutor43@example.com', 'F8B3H7'),
  (44, 'Tutor 44', 'tutor44@example.com', 'K1W8O0'),
  (45, 'Tutor 45', 'tutor45@example.com', 'Y3E5Y5'),
  (46, 'Tutor 46', 'tutor46@example.com', 'R5M0G8'),
  (47, 'Tutor 47', 'tutor47@example.com', 'I9R8Z4'),
  (48, 'Tutor 48', 'tutor48@example.com', 'M5Z9N5'),
  (49, 'Tutor 49', 'tutor49@example.com', 'S6Y2V1'),
  (50, 'Tutor 50', 'tutor50@example.com', 'K6X5A9'),
  (51, 'Tutor 51', 'tutor51@example.com', 'E0T8R6'),
  (52, 'Tutor 52', 'tutor52@example.com', 'J2L9Z8'),
  (53, 'Tutor 53', 'tutor53@example.com', 'N6R3A0'),
  (54, 'Tutor 54', 'tutor54@example.com', 'W8K9R8'),
  (55, 'Tutor 55', 'tutor55@example.com', 'U5K5A3'),
  (56, 'Tutor 56', 'tutor56@example.com', 'P9G8V2'),
  (57, 'Tutor 57', 'tutor57@example.com', 'W4O1J6'),
  (58, 'Tutor 58', 'tutor58@example.com', 'K5O1Q0'),
  (59, 'Tutor 59', 'tutor59@example.com', 'L9L2O7'),
  (60, 'Tutor 60', 'tutor60@example.com', 'D1O6G4'),
  (61, 'Tutor 61', 'tutor61@example.com', 'Q6X4Z9'),
  (62, 'Tutor 62', 'tutor62@example.com', 'W9W8B6'),
  (63, 'Tutor 63', 'tutor63@example.com', 'Z3K9V9'),
  (64, 'Tutor 64', 'tutor64@example.com', 'Q0I3Z3'),
  (65, 'Tutor 65', 'tutor65@example.com', 'L3G8X9'),
  (66, 'Tutor 66', 'tutor66@example.com', 'K5B7L5'),
  (67, 'Tutor 67', 'tutor67@example.com', 'E3T3A4'),
  (68, 'Tutor 68', 'tutor68@example.com', 'V8I8B6'),
  (69, 'Tutor 69', 'tutor69@example.com', 'R3R5K9'),
  (70, 'Tutor 70', 'tutor70@example.com', 'L1R1N3'),
  (71, 'Tutor 71', 'tutor71@example.com', 'I2A3Y6'),
  (72, 'Tutor 72', 'tutor72@example.com', 'S2G4A4'),
  (73, 'Tutor 73', 'tutor73@example.com', 'P9C7N1'),
  (74, 'Tutor 74', 'tutor74@example.com', 'Y6I6L5'),
  (75, 'Tutor 75', 'tutor75@example.com', 'T4G5Q0'),
  (76, 'Tutor 76', 'tutor76@example.com', 'C5G1Z2'),
  (77, 'Tutor 77', 'tutor77@example.com', 'M4G2G2'),
  (78, 'Tutor 78', 'tutor78@example.com', 'K0K9M3'),
  (79, 'Tutor 79', 'tutor79@example.com', 'Z3E4O3'),
  (80, 'Tutor 80', 'tutor80@example.com', 'K1Z0O8'),
  (81, 'Tutor 81', 'tutor81@example.com', 'S5R8M8'),
  (82, 'Tutor 82', 'tutor82@example.com', 'H1E7H4'),
  (83, 'Tutor 83', 'tutor83@example.com', 'J8W3K3'),
  (84, 'Tutor 84', 'tutor84@example.com', 'P5S1B9'),
  (85, 'Tutor 85', 'tutor85@example.com', 'S1H2W9'),
  (86, 'Tutor 86', 'tutor86@example.com', 'U2M1A8'),
  (87, 'Tutor 87', 'tutor87@example.com', 'E2I8F3'),
  (88, 'Tutor 88', 'tutor88@example.com', 'G5U8Y0'),
  (89, 'Tutor 89', 'tutor89@example.com', 'T8Y3B5'),
  (90, 'Tutor 90', 'tutor90@example.com', 'K2U4I4'),
  (91, 'Tutor 91', 'tutor91@example.com', 'K1D5X6'),
  (92, 'Tutor 92', 'tutor92@example.com', 'B9W6N5'),
  (93, 'Tutor 93', 'tutor93@example.com', 'O6W3E0'),
  (94, 'Tutor 94', 'tutor94@example.com', 'J8P5N4'),
  (95, 'Tutor 95', 'tutor95@example.com', 'Z6C9G4'),
  (96, 'Tutor 96', 'tutor96@example.com', 'R8L6A3'),
  (97, 'Tutor 97', 'tutor97@example.com', 'B2V3F0'),
  (98, 'Tutor 98', 'tutor98@example.com', 'Y3M5B1'),
  (99, 'Tutor 99', 'tutor99@example.com', 'W4Y2D3'),
  (100, 'Tutor 100', 'tutor100@example.com', 'J5O5Z3');

INSERT INTO student (student_id, full_name, email, location_postal) VALUES
  (1, 'Student 1', 'student1@example.com', 'G4N8B3'),
  (2, 'Student 2', 'student2@example.com', 'K1V1C7'),
  (3, 'Student 3', 'student3@example.com', 'B3T7Q1'),
  (4, 'Student 4', 'student4@example.com', 'O4J7V5'),
  (5, 'Student 5', 'student5@example.com', 'G0C6Q0'),
  (6, 'Student 6', 'student6@example.com', 'X8H7Q8'),
  (7, 'Student 7', 'student7@example.com', 'G9E0L5'),
  (8, 'Student 8', 'student8@example.com', 'V9O7K6'),
  (9, 'Student 9', 'student9@example.com', 'X8T8V0'),
  (10, 'Student 10', 'student10@example.com', 'Z9M7D8'),
  (11, 'Student 11', 'student11@example.com', 'Q7S0W2'),
  (12, 'Student 12', 'student12@example.com', 'U2J0Y9'),
  (13, 'Student 13', 'student13@example.com', 'U7K7B6'),
  (14, 'Student 14', 'student14@example.com', 'J7H2J6'),
  (15, 'Student 15', 'student15@example.com', 'E8L2M6'),
  (16, 'Student 16', 'student16@example.com', 'Q6N4P5'),
  (17, 'Student 17', 'student17@example.com', 'Y6A5C8'),
  (18, 'Student 18', 'student18@example.com', 'D2G2C7'),
  (19, 'Student 19', 'student19@example.com', 'S5P7W1'),
  (20, 'Student 20', 'student20@example.com', 'S3A1Y2'),
  (21, 'Student 21', 'student21@example.com', 'O2D8R6'),
  (22, 'Student 22', 'student22@example.com', 'L8L4A8'),
  (23, 'Student 23', 'student23@example.com', 'N6S9V1'),
  (24, 'Student 24', 'student24@example.com', 'Q7N2A9'),
  (25, 'Student 25', 'student25@example.com', 'Z5B3A2'),
  (26, 'Student 26', 'student26@example.com', 'F4L6U1'),
  (27, 'Student 27', 'student27@example.com', 'D4W9U6'),
  (28, 'Student 28', 'student28@example.com', 'O2A2L9'),
  (29, 'Student 29', 'student29@example.com', 'L2P5R4'),
  (30, 'Student 30', 'student30@example.com', 'N8Z8W8'),
  (31, 'Student 31', 'student31@example.com', 'K9X9V6'),
  (32, 'Student 32', 'student32@example.com', 'F4C7N9'),
  (33, 'Student 33', 'student33@example.com', 'M6Y4R3'),
  (34, 'Student 34', 'student34@example.com', 'D1S3H8'),
  (35, 'Student 35', 'student35@example.com', 'M9L6V8'),
  (36, 'Student 36', 'student36@example.com', 'E5R9P6'),
  (37, 'Student 37', 'student37@example.com', 'W4R6S6'),
  (38, 'Student 38', 'student38@example.com', 'J9Q5W0'),
  (39, 'Student 39', 'student39@example.com', 'R7X3P5'),
  (40, 'Student 40', 'student40@example.com', 'E0F1F9'),
  (41, 'Student 41', 'student41@example.com', 'B3E4L9'),
  (42, 'Student 42', 'student42@example.com', 'G8R1N7'),
  (43, 'Student 43', 'student43@example.com', 'D9A5A2'),
  (44, 'Student 44', 'student44@example.com', 'T7P9Q8'),
  (45, 'Student 45', 'student45@example.com', 'U8O1R4'),
  (46, 'Student 46', 'student46@example.com', 'U8R8L1'),
  (47, 'Student 47', 'student47@example.com', 'F6O7H1'),
  (48, 'Student 48', 'student48@example.com', 'M7W8D1'),
  (49, 'Student 49', 'student49@example.com', 'E6S9C3'),
  (50, 'Student 50', 'student50@example.com', 'P5R7P7'),
  (51, 'Student 51', 'student51@example.com', 'G4R7C8'),
  (52, 'Student 52', 'student52@example.com', 'N2B1Z0'),
  (53, 'Student 53', 'student53@example.com', 'E5G0R2'),
  (54, 'Student 54', 'student54@example.com', 'G7T1P5'),
  (55, 'Student 55', 'student55@example.com', 'H8W8K7'),
  (56, 'Student 56', 'student56@example.com', 'O4Z7Q4'),
  (57, 'Student 57', 'student57@example.com', 'W4C2P4'),
  (58, 'Student 58', 'student58@example.com', 'E0A9S0'),
  (59, 'Student 59', 'student59@example.com', 'Q4T5A6'),
  (60, 'Student 60', 'student60@example.com', 'X1G3N9'),
  (61, 'Student 61', 'student61@example.com', 'W5H4U4'),
  (62, 'Student 62', 'student62@example.com', 'M4V8E8'),
  (63, 'Student 63', 'student63@example.com', 'V2X6H2'),
  (64, 'Student 64', 'student64@example.com', 'O0K1S6'),
  (65, 'Student 65', 'student65@example.com', 'Z9P2L4'),
  (66, 'Student 66', 'student66@example.com', 'E4Y6L6'),
  (67, 'Student 67', 'student67@example.com', 'Z3F6U4'),
  (68, 'Student 68', 'student68@example.com', 'N2J5V6'),
  (69, 'Student 69', 'student69@example.com', 'I1F0Q4'),
  (70, 'Student 70', 'student70@example.com', 'S7K4V9'),
  (71, 'Student 71', 'student71@example.com', 'S0J8I3'),
  (72, 'Student 72', 'student72@example.com', 'X8M6A2'),
  (73, 'Student 73', 'student73@example.com', 'Y0N3U0'),
  (74, 'Student 74', 'student74@example.com', 'I1Y6P6'),
  (75, 'Student 75', 'student75@example.com', 'W7O6F9'),
  (76, 'Student 76', 'student76@example.com', 'K1P4Z5'),
  (77, 'Student 77', 'student77@example.com', 'I9A9E8'),
  (78, 'Student 78', 'student78@example.com', 'G0H1L4'),
  (79, 'Student 79', 'student79@example.com', 'S8P6K9'),
  (80, 'Student 80', 'student80@example.com', 'N1Q3P0'),
  (81, 'Student 81', 'student81@example.com', 'A0R7O4'),
  (82, 'Student 82', 'student82@example.com', 'R3O3A8'),
  (83, 'Student 83', 'student83@example.com', 'T0W9R7'),
  (84, 'Student 84', 'student84@example.com', 'V4V5H0'),
  (85, 'Student 85', 'student85@example.com', 'C2P7D1'),
  (86, 'Student 86', 'student86@example.com', 'P8U0F4'),
  (87, 'Student 87', 'student87@example.com', 'X8K5J9'),
  (88, 'Student 88', 'student88@example.com', 'I2Z5V8'),
  (89, 'Student 89', 'student89@example.com', 'N6Q3G5'),
  (90, 'Student 90', 'student90@example.com', 'R5Z3D7'),
  (91, 'Student 91', 'student91@example.com', 'W4X1H3'),
  (92, 'Student 92', 'student92@example.com', 'S7K1H7'),
  (93, 'Student 93', 'student93@example.com', 'F3R5H9'),
  (94, 'Student 94', 'student94@example.com', 'N5S4D9'),
  (95, 'Student 95', 'student95@example.com', 'K2K2W9'),
  (96, 'Student 96', 'student96@example.com', 'R2N4D4'),
  (97, 'Student 97', 'student97@example.com', 'K0E3X1'),
  (98, 'Student 98', 'student98@example.com', 'Q2D6V4'),
  (99, 'Student 99', 'student99@example.com', 'A0V8D3'),
  (100, 'Student 100', 'student100@example.com', 'S4P1H0'),
  (101, 'Student 101', 'student101@example.com', 'Z8V0B5'),
  (102, 'Student 102', 'student102@example.com', 'C4J0R6'),
  (103, 'Student 103', 'student103@example.com', 'I2Z2N0'),
  (104, 'Student 104', 'student104@example.com', 'Z4T4H7'),
  (105, 'Student 105', 'student105@example.com', 'R5B3J9'),
  (106, 'Student 106', 'student106@example.com', 'R7A6B8'),
  (107, 'Student 107', 'student107@example.com', 'U8B5J5'),
  (108, 'Student 108', 'student108@example.com', 'C8M9W9'),
  (109, 'Student 109', 'student109@example.com', 'I0L4K8'),
  (110, 'Student 110', 'student110@example.com', 'O3T9I2'),
  (111, 'Student 111', 'student111@example.com', 'U0T8D1'),
  (112, 'Student 112', 'student112@example.com', 'S2V3E8'),
  (113, 'Student 113', 'student113@example.com', 'I3L7O7'),
  (114, 'Student 114', 'student114@example.com', 'H8V1K0'),
  (115, 'Student 115', 'student115@example.com', 'E9T2D3'),
  (116, 'Student 116', 'student116@example.com', 'N4M9E4'),
  (117, 'Student 117', 'student117@example.com', 'R4W0M0'),
  (118, 'Student 118', 'student118@example.com', 'C9G6P4'),
  (119, 'Student 119', 'student119@example.com', 'D4P3W8'),
  (120, 'Student 120', 'student120@example.com', 'A9W2M4'),
  (121, 'Student 121', 'student121@example.com', 'B3J7E9'),
  (122, 'Student 122', 'student122@example.com', 'R9T6R7'),
  (123, 'Student 123', 'student123@example.com', 'L5M3N5'),
  (124, 'Student 124', 'student124@example.com', 'I3L7Y6'),
  (125, 'Student 125', 'student125@example.com', 'B1H8L2'),
  (126, 'Student 126', 'student126@example.com', 'E9D6Y0'),
  (127, 'Student 127', 'student127@example.com', 'F9J6W3'),
  (128, 'Student 128', 'student128@example.com', 'G3L3X1'),
  (129, 'Student 129', 'student129@example.com', 'Z6N7J6'),
  (130, 'Student 130', 'student130@example.com', 'U3Y0I3'),
  (131, 'Student 131', 'student131@example.com', 'P2X6K2'),
  (132, 'Student 132', 'student132@example.com', 'G0Q3U7'),
  (133, 'Student 133', 'student133@example.com', 'U3D6S1'),
  (134, 'Student 134', 'student134@example.com', 'K8S3J9'),
  (135, 'Student 135', 'student135@example.com', 'W5G1N5'),
  (136, 'Student 136', 'student136@example.com', 'S1S4G8'),
  (137, 'Student 137', 'student137@example.com', 'P8G8L4'),
  (138, 'Student 138', 'student138@example.com', 'K7B9I0'),
  (139, 'Student 139', 'student139@example.com', 'V8E7I7'),
  (140, 'Student 140', 'student140@example.com', 'S0U7J3'),
  (141, 'Student 141', 'student141@example.com', 'S1G8Q2'),
  (142, 'Student 142', 'student142@example.com', 'B3D4U7'),
  (143, 'Student 143', 'student143@example.com', 'Y7H4S5'),
  (144, 'Student 144', 'student144@example.com', 'M3B6S5'),
  (145, 'Student 145', 'student145@example.com', 'N7S3O1'),
  (146, 'Student 146', 'student146@example.com', 'P4K7G2'),
  (147, 'Student 147', 'student147@example.com', 'H1P6R8'),
  (148, 'Student 148', 'student148@example.com', 'Z0U2O4'),
  (149, 'Student 149', 'student149@example.com', 'J8Y2H1'),
  (150, 'Student 150', 'student150@example.com', 'G4M2Z7'),
  (151, 'Student 151', 'student151@example.com', 'N0W4W5'),
  (152, 'Student 152', 'student152@example.com', 'P2D2P8'),
  (153, 'Student 153', 'student153@example.com', 'D1S2H4'),
  (154, 'Student 154', 'student154@example.com', 'A0X1W3'),
  (155, 'Student 155', 'student155@example.com', 'O2H9H1'),
  (156, 'Student 156', 'student156@example.com', 'A0Y4T7'),
  (157, 'Student 157', 'student157@example.com', 'M0T7V1'),
  (158, 'Student 158', 'student158@example.com', 'K4L5U9'),
  (159, 'Student 159', 'student159@example.com', 'J6S1O0'),
  (160, 'Student 160', 'student160@example.com', 'T7B9R4'),
  (161, 'Student 161', 'student161@example.com', 'N2Q7X2'),
  (162, 'Student 162', 'student162@example.com', 'K8I4G0'),
  (163, 'Student 163', 'student163@example.com', 'W3J4G4'),
  (164, 'Student 164', 'student164@example.com', 'Q1A6Y2'),
  (165, 'Student 165', 'student165@example.com', 'Q5L8W7'),
  (166, 'Student 166', 'student166@example.com', 'M5X3O1'),
  (167, 'Student 167', 'student167@example.com', 'K7W0W1'),
  (168, 'Student 168', 'student168@example.com', 'U9W6G7'),
  (169, 'Student 169', 'student169@example.com', 'T3Z8L1'),
  (170, 'Student 170', 'student170@example.com', 'V1S5R1'),
  (171, 'Student 171', 'student171@example.com', 'T4P4Y0'),
  (172, 'Student 172', 'student172@example.com', 'U5U9X2'),
  (173, 'Student 173', 'student173@example.com', 'B2J0I8'),
  (174, 'Student 174', 'student174@example.com', 'J1P2P9'),
  (175, 'Student 175', 'student175@example.com', 'G8H1I4'),
  (176, 'Student 176', 'student176@example.com', 'A6E0G5'),
  (177, 'Student 177', 'student177@example.com', 'G4L1D5'),
  (178, 'Student 178', 'student178@example.com', 'K2M2B7'),
  (179, 'Student 179', 'student179@example.com', 'J9A8B3'),
  (180, 'Student 180', 'student180@example.com', 'U8L6M3'),
  (181, 'Student 181', 'student181@example.com', 'D4E0Z5'),
  (182, 'Student 182', 'student182@example.com', 'Z0L1W5'),
  (183, 'Student 183', 'student183@example.com', 'V0H2B8'),
  (184, 'Student 184', 'student184@example.com', 'Q3F3J3'),
  (185, 'Student 185', 'student185@example.com', 'L6U2C1'),
  (186, 'Student 186', 'student186@example.com', 'F1U4L4'),
  (187, 'Student 187', 'student187@example.com', 'I9A5C4'),
  (188, 'Student 188', 'student188@example.com', 'F6W3N9'),
  (189, 'Student 189', 'student189@example.com', 'S1Y3X6'),
  (190, 'Student 190', 'student190@example.com', 'L0B1F4'),
  (191, 'Student 191', 'student191@example.com', 'L7K9J6'),
  (192, 'Student 192', 'student192@example.com', 'C6R3K9'),
  (193, 'Student 193', 'student193@example.com', 'E7R4T7'),
  (194, 'Student 194', 'student194@example.com', 'X1A5V3'),
  (195, 'Student 195', 'student195@example.com', 'C9R3U0'),
  (196, 'Student 196', 'student196@example.com', 'P6F7N4'),
  (197, 'Student 197', 'student197@example.com', 'G6Z6F8'),
  (198, 'Student 198', 'student198@example.com', 'I5U6I0'),
  (199, 'Student 199', 'student199@example.com', 'H1U1T3'),
  (200, 'Student 200', 'student200@example.com', 'Q9H5D1'),
  (201, 'Student 201', 'student201@example.com', 'M5J1G5'),
  (202, 'Student 202', 'student202@example.com', 'Y9N6E3'),
  (203, 'Student 203', 'student203@example.com', 'B8O2Y4'),
  (204, 'Student 204', 'student204@example.com', 'F2L9Z6'),
  (205, 'Student 205', 'student205@example.com', 'B4L7P1'),
  (206, 'Student 206', 'student206@example.com', 'Q4D3A5'),
  (207, 'Student 207', 'student207@example.com', 'R9I9I0'),
  (208, 'Student 208', 'student208@example.com', 'Z4S7E3'),
  (209, 'Student 209', 'student209@example.com', 'G9L0R8'),
  (210, 'Student 210', 'student210@example.com', 'S2N3G5'),
  (211, 'Student 211', 'student211@example.com', 'O3F6P8'),
  (212, 'Student 212', 'student212@example.com', 'Z9O7A9'),
  (213, 'Student 213', 'student213@example.com', 'M2D4F6'),
  (214, 'Student 214', 'student214@example.com', 'D0A6J2'),
  (215, 'Student 215', 'student215@example.com', 'W7Q5A8'),
  (216, 'Student 216', 'student216@example.com', 'R0W4I4'),
  (217, 'Student 217', 'student217@example.com', 'Q9E6K9'),
  (218, 'Student 218', 'student218@example.com', 'F3N9V0'),
  (219, 'Student 219', 'student219@example.com', 'J1F7N5'),
  (220, 'Student 220', 'student220@example.com', 'Q1H0F7'),
  (221, 'Student 221', 'student221@example.com', 'E3B0T9'),
  (222, 'Student 222', 'student222@example.com', 'T3Y0I8'),
  (223, 'Student 223', 'student223@example.com', 'N1Q3G8'),
  (224, 'Student 224', 'student224@example.com', 'V8O9G5'),
  (225, 'Student 225', 'student225@example.com', 'N4F7O6'),
  (226, 'Student 226', 'student226@example.com', 'P5I9J5'),
  (227, 'Student 227', 'student227@example.com', 'K9X4Z2'),
  (228, 'Student 228', 'student228@example.com', 'Z9S4C7'),
  (229, 'Student 229', 'student229@example.com', 'C4F6C5'),
  (230, 'Student 230', 'student230@example.com', 'F5I6E0'),
  (231, 'Student 231', 'student231@example.com', 'L9J6P6'),
  (232, 'Student 232', 'student232@example.com', 'D5E9V7'),
  (233, 'Student 233', 'student233@example.com', 'L2O7B1'),
  (234, 'Student 234', 'student234@example.com', 'D5V1O4'),
  (235, 'Student 235', 'student235@example.com', 'F4N2W4'),
  (236, 'Student 236', 'student236@example.com', 'V6Q8S1'),
  (237, 'Student 237', 'student237@example.com', 'R3P3Z6'),
  (238, 'Student 238', 'student238@example.com', 'A5P8B4'),
  (239, 'Student 239', 'student239@example.com', 'R2E6E0'),
  (240, 'Student 240', 'student240@example.com', 'H1M6A1'),
  (241, 'Student 241', 'student241@example.com', 'H2W9T1'),
  (242, 'Student 242', 'student242@example.com', 'D0X0Y6'),
  (243, 'Student 243', 'student243@example.com', 'O1J4I9'),
  (244, 'Student 244', 'student244@example.com', 'B6F0M6'),
  (245, 'Student 245', 'student245@example.com', 'A6J7Y7'),
  (246, 'Student 246', 'student246@example.com', 'X4Z9N3'),
  (247, 'Student 247', 'student247@example.com', 'K2J5C9'),
  (248, 'Student 248', 'student248@example.com', 'W8H6B8'),
  (249, 'Student 249', 'student249@example.com', 'H9U3S0'),
  (250, 'Student 250', 'student250@example.com', 'L5R9S4'),
  (251, 'Student 251', 'student251@example.com', 'G9I4Z7'),
  (252, 'Student 252', 'student252@example.com', 'I4Q7B9'),
  (253, 'Student 253', 'student253@example.com', 'O1K0Z2'),
  (254, 'Student 254', 'student254@example.com', 'I5X6J1'),
  (255, 'Student 255', 'student255@example.com', 'L4S5M1'),
  (256, 'Student 256', 'student256@example.com', 'B3C1B4'),
  (257, 'Student 257', 'student257@example.com', 'J5G3X2'),
  (258, 'Student 258', 'student258@example.com', 'A0B6Y1'),
  (259, 'Student 259', 'student259@example.com', 'U1Z4N9'),
  (260, 'Student 260', 'student260@example.com', 'M1M5L5'),
  (261, 'Student 261', 'student261@example.com', 'D5B6H7'),
  (262, 'Student 262', 'student262@example.com', 'B4V1K5'),
  (263, 'Student 263', 'student263@example.com', 'G5J3T0'),
  (264, 'Student 264', 'student264@example.com', 'S7M0E6'),
  (265, 'Student 265', 'student265@example.com', 'E0H0W9'),
  (266, 'Student 266', 'student266@example.com', 'M7I1L0'),
  (267, 'Student 267', 'student267@example.com', 'D6Z1B8'),
  (268, 'Student 268', 'student268@example.com', 'A2T4I2'),
  (269, 'Student 269', 'student269@example.com', 'D6O2A8'),
  (270, 'Student 270', 'student270@example.com', 'N6S5N0'),
  (271, 'Student 271', 'student271@example.com', 'Q0J2X6'),
  (272, 'Student 272', 'student272@example.com', 'B8U2X5'),
  (273, 'Student 273', 'student273@example.com', 'I6Q1U4'),
  (274, 'Student 274', 'student274@example.com', 'D3U3K7'),
  (275, 'Student 275', 'student275@example.com', 'D6V5E4'),
  (276, 'Student 276', 'student276@example.com', 'V2C0I1'),
  (277, 'Student 277', 'student277@example.com', 'O3S6Y1'),
  (278, 'Student 278', 'student278@example.com', 'P1Q4I6'),
  (279, 'Student 279', 'student279@example.com', 'D1R2S4'),
  (280, 'Student 280', 'student280@example.com', 'C5M4Z6'),
  (281, 'Student 281', 'student281@example.com', 'H7F5M3'),
  (282, 'Student 282', 'student282@example.com', 'V1O3O2'),
  (283, 'Student 283', 'student283@example.com', 'N3R8U9'),
  (284, 'Student 284', 'student284@example.com', 'S8O6Y4'),
  (285, 'Student 285', 'student285@example.com', 'N2F5N8'),
  (286, 'Student 286', 'student286@example.com', 'I2C4X2'),
  (287, 'Student 287', 'student287@example.com', 'Y6A3Q1'),
  (288, 'Student 288', 'student288@example.com', 'N6U0V4'),
  (289, 'Student 289', 'student289@example.com', 'B4D1R1'),
  (290, 'Student 290', 'student290@example.com', 'Y7T3V7'),
  (291, 'Student 291', 'student291@example.com', 'Y7N1H0'),
  (292, 'Student 292', 'student292@example.com', 'M9T1W9'),
  (293, 'Student 293', 'student293@example.com', 'P2H6O9'),
  (294, 'Student 294', 'student294@example.com', 'Z1O1L6'),
  (295, 'Student 295', 'student295@example.com', 'R1R0O7'),
  (296, 'Student 296', 'student296@example.com', 'Z6D1W0'),
  (297, 'Student 297', 'student297@example.com', 'C0Q3R7'),
  (298, 'Student 298', 'student298@example.com', 'U5R6U5'),
  (299, 'Student 299', 'student299@example.com', 'I0F9U6'),
  (300, 'Student 300', 'student300@example.com', 'Y3X0X3'),
  (301, 'Student 301', 'student301@example.com', 'D0B0Y2'),
  (302, 'Student 302', 'student302@example.com', 'Q6I7Y1'),
  (303, 'Student 303', 'student303@example.com', 'Z2S0S4'),
  (304, 'Student 304', 'student304@example.com', 'G6S9G8'),
  (305, 'Student 305', 'student305@example.com', 'Y2L2H9'),
  (306, 'Student 306', 'student306@example.com', 'Z7O7C3'),
  (307, 'Student 307', 'student307@example.com', 'D6L0X0'),
  (308, 'Student 308', 'student308@example.com', 'J4S5Y9'),
  (309, 'Student 309', 'student309@example.com', 'N6G0E4'),
  (310, 'Student 310', 'student310@example.com', 'D6A5A5'),
  (311, 'Student 311', 'student311@example.com', 'U7T7S2'),
  (312, 'Student 312', 'student312@example.com', 'O4I3V1'),
  (313, 'Student 313', 'student313@example.com', 'P7O7N9'),
  (314, 'Student 314', 'student314@example.com', 'R3G8U5'),
  (315, 'Student 315', 'student315@example.com', 'X0V1M3'),
  (316, 'Student 316', 'student316@example.com', 'H4G4W2'),
  (317, 'Student 317', 'student317@example.com', 'F3H0B2'),
  (318, 'Student 318', 'student318@example.com', 'G8F6Y0'),
  (319, 'Student 319', 'student319@example.com', 'R6P6T5'),
  (320, 'Student 320', 'student320@example.com', 'V8V3I5'),
  (321, 'Student 321', 'student321@example.com', 'K4C2U7'),
  (322, 'Student 322', 'student322@example.com', 'P1W5A1'),
  (323, 'Student 323', 'student323@example.com', 'I4C8T9'),
  (324, 'Student 324', 'student324@example.com', 'R1L6U1'),
  (325, 'Student 325', 'student325@example.com', 'D5V0R7'),
  (326, 'Student 326', 'student326@example.com', 'B9G7N9'),
  (327, 'Student 327', 'student327@example.com', 'J2G8K6'),
  (328, 'Student 328', 'student328@example.com', 'F8A5Y1'),
  (329, 'Student 329', 'student329@example.com', 'C1B3A8'),
  (330, 'Student 330', 'student330@example.com', 'F1Z5D7'),
  (331, 'Student 331', 'student331@example.com', 'P7R7D1'),
  (332, 'Student 332', 'student332@example.com', 'N6L6A6'),
  (333, 'Student 333', 'student333@example.com', 'W3L9U1'),
  (334, 'Student 334', 'student334@example.com', 'Z7M1M9'),
  (335, 'Student 335', 'student335@example.com', 'V8B0Z4'),
  (336, 'Student 336', 'student336@example.com', 'X7H8Y6'),
  (337, 'Student 337', 'student337@example.com', 'Y9B9A6'),
  (338, 'Student 338', 'student338@example.com', 'D0F7G1'),
  (339, 'Student 339', 'student339@example.com', 'W0E9Q4'),
  (340, 'Student 340', 'student340@example.com', 'H7W4K9'),
  (341, 'Student 341', 'student341@example.com', 'A2R3U4'),
  (342, 'Student 342', 'student342@example.com', 'K3P9I1'),
  (343, 'Student 343', 'student343@example.com', 'A7O8K3'),
  (344, 'Student 344', 'student344@example.com', 'N0Q9N4'),
  (345, 'Student 345', 'student345@example.com', 'H9O9K1'),
  (346, 'Student 346', 'student346@example.com', 'H2Q3M9'),
  (347, 'Student 347', 'student347@example.com', 'H0F9E8'),
  (348, 'Student 348', 'student348@example.com', 'H3A1W1'),
  (349, 'Student 349', 'student349@example.com', 'J4W8C9'),
  (350, 'Student 350', 'student350@example.com', 'C8D6O6'),
  (351, 'Student 351', 'student351@example.com', 'Y0N3Y6'),
  (352, 'Student 352', 'student352@example.com', 'V3F9Q4'),
  (353, 'Student 353', 'student353@example.com', 'K8G7G5'),
  (354, 'Student 354', 'student354@example.com', 'R3U6U3'),
  (355, 'Student 355', 'student355@example.com', 'J3P9F8'),
  (356, 'Student 356', 'student356@example.com', 'L6D6Z1'),
  (357, 'Student 357', 'student357@example.com', 'P5T5S5'),
  (358, 'Student 358', 'student358@example.com', 'I8X2I8'),
  (359, 'Student 359', 'student359@example.com', 'U8V0U4'),
  (360, 'Student 360', 'student360@example.com', 'C9Y1H7'),
  (361, 'Student 361', 'student361@example.com', 'N8K9T4'),
  (362, 'Student 362', 'student362@example.com', 'I1O4F3'),
  (363, 'Student 363', 'student363@example.com', 'L7E5V6'),
  (364, 'Student 364', 'student364@example.com', 'W3U2C3'),
  (365, 'Student 365', 'student365@example.com', 'J8X7T4'),
  (366, 'Student 366', 'student366@example.com', 'N0J5M4'),
  (367, 'Student 367', 'student367@example.com', 'H4E5R3'),
  (368, 'Student 368', 'student368@example.com', 'D3I6V0'),
  (369, 'Student 369', 'student369@example.com', 'J9Y3V2'),
  (370, 'Student 370', 'student370@example.com', 'Y5D6R7'),
  (371, 'Student 371', 'student371@example.com', 'Z9O2M5'),
  (372, 'Student 372', 'student372@example.com', 'U8Z4B1'),
  (373, 'Student 373', 'student373@example.com', 'Y4F6F0'),
  (374, 'Student 374', 'student374@example.com', 'K6F3U1'),
  (375, 'Student 375', 'student375@example.com', 'W3S6E0'),
  (376, 'Student 376', 'student376@example.com', 'D4U8H5'),
  (377, 'Student 377', 'student377@example.com', 'R5S7Q6'),
  (378, 'Student 378', 'student378@example.com', 'M7D4X7'),
  (379, 'Student 379', 'student379@example.com', 'E6K5T8'),
  (380, 'Student 380', 'student380@example.com', 'D9O8O6'),
  (381, 'Student 381', 'student381@example.com', 'P4L9Z4'),
  (382, 'Student 382', 'student382@example.com', 'Z1M2X4'),
  (383, 'Student 383', 'student383@example.com', 'M2L9B0'),
  (384, 'Student 384', 'student384@example.com', 'R1G3X5'),
  (385, 'Student 385', 'student385@example.com', 'Y0T7P6'),
  (386, 'Student 386', 'student386@example.com', 'Z8I3B7'),
  (387, 'Student 387', 'student387@example.com', 'M2P6Y1'),
  (388, 'Student 388', 'student388@example.com', 'T6I9M8'),
  (389, 'Student 389', 'student389@example.com', 'L4M6I6'),
  (390, 'Student 390', 'student390@example.com', 'L8R9M8'),
  (391, 'Student 391', 'student391@example.com', 'D7J4R1'),
  (392, 'Student 392', 'student392@example.com', 'Y3X6H6'),
  (393, 'Student 393', 'student393@example.com', 'S8Z9A5'),
  (394, 'Student 394', 'student394@example.com', 'M6Q5P8'),
  (395, 'Student 395', 'student395@example.com', 'L0F7K3'),
  (396, 'Student 396', 'student396@example.com', 'C4M5O2'),
  (397, 'Student 397', 'student397@example.com', 'R9S1L3'),
  (398, 'Student 398', 'student398@example.com', 'Y5H6P1'),
  (399, 'Student 399', 'student399@example.com', 'L6Q1N3'),
  (400, 'Student 400', 'student400@example.com', 'M3M6U7');

INSERT INTO course (course_id, course_code, title) VALUES
  (1, 'BIO101', 'Course Title 1'),
  (2, 'CSE102', 'Course Title 2'),
  (3, 'CSE103', 'Course Title 3'),
  (4, 'PHY104', 'Course Title 4'),
  (5, 'ECO105', 'Course Title 5'),
  (6, 'CSE106', 'Course Title 6'),
  (7, 'CS107', 'Course Title 7'),
  (8, 'BIO108', 'Course Title 8'),
  (9, 'CSE109', 'Course Title 9'),
  (10, 'CSE110', 'Course Title 10'),
  (11, 'CS111', 'Course Title 11'),
  (12, 'SE112', 'Course Title 12'),
  (13, 'ENG113', 'Course Title 13'),
  (14, 'CSE114', 'Course Title 14'),
  (15, 'ECO115', 'Course Title 15'),
  (16, 'ENG116', 'Course Title 16'),
  (17, 'HIS117', 'Course Title 17'),
  (18, 'SE118', 'Course Title 18'),
  (19, 'MAT119', 'Course Title 19'),
  (20, 'CSE120', 'Course Title 20'),
  (21, 'CSE121', 'Course Title 21'),
  (22, 'MAT122', 'Course Title 22'),
  (23, 'SE123', 'Course Title 23'),
  (24, 'BIO124', 'Course Title 24'),
  (25, 'MAT125', 'Course Title 25'),
  (26, 'ENG126', 'Course Title 26'),
  (27, 'PHY127', 'Course Title 27'),
  (28, 'CS128', 'Course Title 28'),
  (29, 'CS129', 'Course Title 29'),
  (30, 'ENG130', 'Course Title 30'),
  (31, 'ECO131', 'Course Title 31'),
  (32, 'MAT132', 'Course Title 32'),
  (33, 'BIO133', 'Course Title 33'),
  (34, 'PHY134', 'Course Title 34'),
  (35, 'CS135', 'Course Title 35'),
  (36, 'CSE136', 'Course Title 36'),
  (37, 'BIO137', 'Course Title 37'),
  (38, 'PHY138', 'Course Title 38'),
  (39, 'SE139', 'Course Title 39'),
  (40, 'CSE140', 'Course Title 40'),
  (41, 'ENG141', 'Course Title 41'),
  (42, 'BIO142', 'Course Title 42'),
  (43, 'CS143', 'Course Title 43'),
  (44, 'ENG144', 'Course Title 44'),
  (45, 'PHY145', 'Course Title 45'),
  (46, 'ECO146', 'Course Title 46'),
  (47, 'CS147', 'Course Title 47'),
  (48, 'ENG148', 'Course Title 48'),
  (49, 'BIO149', 'Course Title 49'),
  (50, 'PHY150', 'Course Title 50'),
  (51, 'CS151', 'Course Title 51'),
  (52, 'CSE152', 'Course Title 52'),
  (53, 'PHY153', 'Course Title 53'),
  (54, 'BIO154', 'Course Title 54'),
  (55, 'CSE155', 'Course Title 55'),
  (56, 'CS156', 'Course Title 56'),
  (57, 'PHY157', 'Course Title 57'),
  (58, 'SE158', 'Course Title 58'),
  (59, 'HIS159', 'Course Title 59'),
  (60, 'MAT160', 'Course Title 60'),
  (61, 'PHY161', 'Course Title 61'),
  (62, 'SE162', 'Course Title 62'),
  (63, 'CS163', 'Course Title 63'),
  (64, 'ENG164', 'Course Title 64'),
  (65, 'HIS165', 'Course Title 65'),
  (66, 'MAT166', 'Course Title 66'),
  (67, 'ECO167', 'Course Title 67'),
  (68, 'CSE168', 'Course Title 68'),
  (69, 'BIO169', 'Course Title 69'),
  (70, 'ECO170', 'Course Title 70'),
  (71, 'ENG171', 'Course Title 71'),
  (72, 'MAT172', 'Course Title 72'),
  (73, 'ENG173', 'Course Title 73'),
  (74, 'CSE174', 'Course Title 74'),
  (75, 'PHY175', 'Course Title 75'),
  (76, 'CSE176', 'Course Title 76'),
  (77, 'BIO177', 'Course Title 77'),
  (78, 'PHY178', 'Course Title 78'),
  (79, 'MAT179', 'Course Title 79'),
  (80, 'PHY180', 'Course Title 80'),
  (81, 'CSE181', 'Course Title 81'),
  (82, 'CS182', 'Course Title 82'),
  (83, 'ENG183', 'Course Title 83'),
  (84, 'PHY184', 'Course Title 84'),
  (85, 'CSE185', 'Course Title 85'),
  (86, 'MAT186', 'Course Title 86'),
  (87, 'ENG187', 'Course Title 87'),
  (88, 'BIO188', 'Course Title 88'),
  (89, 'CS189', 'Course Title 89'),
  (90, 'BIO190', 'Course Title 90'),
  (91, 'SE191', 'Course Title 91'),
  (92, 'BIO192', 'Course Title 92'),
  (93, 'PHY193', 'Course Title 93'),
  (94, 'MAT194', 'Course Title 94'),
  (95, 'ENG195', 'Course Title 95'),
  (96, 'PHY196', 'Course Title 96'),
  (97, 'CSE197', 'Course Title 97'),
  (98, 'ECO198', 'Course Title 98'),
  (99, 'MAT199', 'Course Title 99'),
  (100, 'CS200', 'Course Title 100');

INSERT INTO location (location_id, postal_code) VALUES
  (1, 'E8J1L3'),
  (2, 'D0R5C1'),
  (3, 'L7F5C7'),
  (4, 'Z4G5P6'),
  (5, 'U3D5J5'),
  (6, 'X2I7P1'),
  (7, 'T6L5U7'),
  (8, 'Z8A2T6'),
  (9, 'M0Q8U8'),
  (10, 'A6E7E1'),
  (11, 'S8K1E3'),
  (12, 'K6W0B5'),
  (13, 'Z0J0E6'),
  (14, 'Y4Y1F6'),
  (15, 'N4R4U5'),
  (16, 'A6O6S5'),
  (17, 'C9Q2H2'),
  (18, 'U6T8J0'),
  (19, 'G6J8O3'),
  (20, 'C5M6G2');

INSERT INTO tutor_course (tutor_id, course_id, experience_years, hourly_rate_dollars) VALUES
  (1, 45, 13.5, 60),
  (1, 80, 8.2, 63),
  (1, 92, 10.2, 30),
  (1, 77, 6.5, 61),
  (1, 74, 8.4, 33),
  (2, 81, 5.4, 36),
  (2, 59, 9.2, 44),
  (2, 91, 9.8, 68),
  (3, 31, 13.2, 34),
  (3, 47, 10.0, 43),
  (3, 68, 7.5, 73),
  (3, 55, 10.6, 44),
  (3, 8, 0.7, 66),
  (4, 67, 8.2, 42),
  (4, 78, 1.8, 55),
  (4, 9, 4.0, 35),
  (4, 48, 10.9, 23),
  (4, 73, 3.5, 30),
  (5, 13, 13.7, 63),
  (5, 30, 4.9, 57),
  (5, 54, 5.3, 50),
  (5, 59, 3.6, 39),
  (6, 94, 11.8, 32),
  (6, 91, 7.4, 76),
  (6, 61, 3.9, 65),
  (7, 6, 11.6, 51),
  (7, 57, 1.8, 29),
  (7, 91, 8.7, 41),
  (7, 15, 14.1, 76),
  (7, 65, 6.2, 44),
  (8, 36, 4.5, 24),
  (8, 70, 5.7, 53),
  (8, 66, 10.4, 63),
  (8, 48, 10.3, 70),
  (8, 12, 1.1, 32),
  (9, 60, 9.3, 30),
  (9, 1, 5.4, 49),
  (9, 25, 8.1, 59),
  (9, 54, 6.7, 49),
  (9, 66, 6.1, 61),
  (9, 68, 0.6, 48),
  (9, 89, 14.4, 52),
  (10, 41, 1.3, 59),
  (10, 1, 9.4, 55),
  (10, 30, 1.7, 72),
  (10, 29, 13.7, 53),
  (10, 27, 10.7, 32),
  (10, 19, 12.2, 46),
  (10, 6, 3.1, 69),
  (11, 87, 6.8, 58),
  (11, 37, 8.3, 48),
  (11, 45, 12.6, 61),
  (11, 38, 5.2, 26),
  (12, 28, 14.2, 80),
  (12, 29, 10.0, 67),
  (12, 56, 14.4, 75),
  (12, 85, 1.8, 53),
  (13, 54, 13.1, 30),
  (13, 86, 11.1, 46),
  (13, 63, 4.5, 80),
  (13, 59, 5.4, 45),
  (13, 58, 9.3, 52),
  (13, 61, 11.3, 63),
  (13, 100, 3.9, 37),
  (14, 77, 4.1, 39),
  (14, 46, 1.7, 48),
  (14, 19, 13.6, 22),
  (14, 97, 1.8, 44),
  (14, 38, 10.1, 43),
  (15, 98, 5.1, 71),
  (15, 16, 4.3, 65),
  (15, 47, 3.9, 35),
  (15, 2, 3.7, 72),
  (16, 82, 6.2, 38),
  (16, 69, 11.8, 61),
  (16, 12, 3.9, 38),
  (17, 23, 3.1, 20),
  (17, 42, 3.1, 21),
  (17, 80, 7.2, 26),
  (17, 17, 9.3, 55),
  (17, 28, 4.8, 35),
  (17, 58, 10.8, 38),
  (17, 100, 4.8, 78),
  (18, 95, 2.0, 21),
  (18, 30, 10.4, 68),
  (18, 26, 8.5, 63),
  (18, 69, 9.7, 43),
  (18, 63, 11.9, 70),
  (18, 2, 13.8, 39),
  (18, 64, 12.8, 53),
  (19, 2, 15.0, 73),
  (19, 10, 0.5, 54),
  (19, 99, 5.6, 34),
  (19, 94, 15.0, 33),
  (19, 51, 7.2, 51),
  (19, 61, 6.2, 25),
  (20, 75, 14.4, 36),
  (20, 84, 10.5, 39),
  (20, 11, 10.7, 36),
  (20, 2, 10.6, 49),
  (20, 9, 13.8, 35),
  (20, 82, 6.9, 70),
  (21, 35, 8.7, 24),
  (21, 19, 11.6, 70),
  (21, 4, 8.7, 60),
  (21, 67, 11.4, 26),
  (21, 73, 0.9, 37),
  (21, 84, 11.2, 38),
  (21, 50, 0.9, 53),
  (22, 58, 0.9, 47),
  (22, 91, 9.3, 27),
  (22, 26, 8.4, 32),
  (22, 35, 11.8, 48),
  (22, 73, 2.2, 71),
  (23, 58, 10.2, 42),
  (23, 16, 10.2, 50),
  (23, 14, 13.4, 41),
  (23, 10, 13.2, 66),
  (23, 92, 5.0, 33),
  (23, 83, 14.0, 38),
  (23, 3, 7.7, 24),
  (24, 23, 9.9, 48),
  (24, 28, 5.3, 48),
  (24, 55, 9.1, 60),
  (24, 92, 4.9, 38),
  (25, 38, 2.7, 77),
  (25, 13, 1.2, 28),
  (25, 70, 3.1, 56),
  (25, 93, 3.3, 59),
  (25, 91, 2.5, 51),
  (26, 37, 4.6, 24),
  (26, 13, 1.3, 41),
  (26, 93, 9.9, 37),
  (26, 16, 1.7, 43),
  (27, 93, 0.8, 51),
  (27, 55, 5.1, 68),
  (27, 98, 9.9, 44),
  (27, 81, 5.3, 52),
  (27, 24, 1.5, 73),
  (28, 68, 12.4, 71),
  (28, 59, 1.1, 23),
  (28, 38, 11.0, 62),
  (28, 56, 10.3, 71),
  (28, 26, 5.0, 74),
  (29, 83, 11.7, 78),
  (29, 22, 12.6, 78),
  (29, 59, 8.4, 64),
  (29, 90, 10.0, 54),
  (29, 1, 10.4, 49),
  (29, 31, 3.6, 22),
  (30, 31, 11.1, 55),
  (30, 22, 14.9, 43),
  (30, 8, 12.4, 56),
  (30, 3, 6.9, 74),
  (30, 14, 3.1, 58),
  (30, 45, 4.9, 22),
  (31, 79, 1.2, 33),
  (31, 66, 11.0, 66),
  (31, 81, 9.0, 80),
  (31, 19, 10.9, 76),
  (32, 35, 6.3, 31),
  (32, 81, 11.2, 38),
  (32, 15, 14.7, 61),
  (32, 39, 8.2, 32),
  (32, 51, 3.8, 43),
  (32, 91, 7.7, 31),
  (32, 48, 8.6, 61),
  (33, 36, 6.8, 34),
  (33, 85, 6.5, 20),
  (33, 52, 3.1, 58),
  (33, 1, 14.7, 38),
  (33, 38, 13.4, 35),
  (34, 23, 9.4, 64),
  (34, 60, 12.2, 32),
  (34, 29, 1.8, 26),
  (34, 41, 1.0, 73),
  (34, 88, 11.1, 61),
  (35, 42, 11.1, 35),
  (35, 18, 7.0, 47),
  (35, 70, 8.7, 50),
  (36, 33, 1.0, 57),
  (36, 89, 7.0, 39),
  (36, 98, 10.5, 37),
  (37, 49, 9.7, 63),
  (37, 26, 1.7, 74),
  (37, 1, 9.0, 29),
  (37, 12, 8.9, 34),
  (37, 22, 8.8, 44),
  (37, 68, 5.2, 30),
  (37, 61, 6.3, 61),
  (38, 74, 1.0, 29),
  (38, 57, 15.0, 22),
  (38, 22, 2.5, 66),
  (38, 86, 3.4, 71),
  (38, 8, 8.8, 42),
  (38, 55, 13.4, 21),
  (39, 67, 14.2, 80),
  (39, 24, 4.9, 22),
  (39, 64, 6.9, 80),
  (39, 19, 11.9, 47),
  (39, 96, 9.6, 35),
  (39, 57, 2.5, 23),
  (40, 10, 1.7, 56),
  (40, 44, 5.2, 78),
  (40, 39, 6.2, 24),
  (40, 92, 14.8, 68),
  (40, 13, 1.2, 59),
  (41, 16, 8.7, 56),
  (41, 11, 12.9, 71),
  (41, 69, 6.9, 40),
  (41, 66, 3.0, 70),
  (41, 60, 4.1, 34),
  (42, 56, 2.8, 33),
  (42, 61, 2.0, 78),
  (42, 22, 4.7, 71),
  (42, 8, 14.8, 78),
  (42, 74, 11.5, 31),
  (43, 52, 6.3, 51),
  (43, 33, 2.4, 62),
  (43, 59, 2.0, 52),
  (43, 99, 2.2, 25),
  (43, 95, 11.6, 71),
  (43, 32, 7.4, 21),
  (43, 40, 11.5, 68),
  (44, 37, 14.8, 56),
  (44, 23, 9.5, 64),
  (44, 79, 6.8, 76),
  (44, 36, 0.7, 51),
  (44, 76, 7.7, 79),
  (44, 53, 14.1, 20),
  (44, 1, 11.6, 70),
  (45, 27, 12.7, 58),
  (45, 9, 11.3, 73),
  (45, 57, 6.6, 71),
  (45, 50, 1.2, 69),
  (45, 51, 7.4, 73),
  (46, 35, 8.6, 62),
  (46, 7, 0.5, 77),
  (46, 80, 12.9, 39),
  (46, 11, 4.3, 77),
  (46, 50, 4.5, 73),
  (47, 74, 3.3, 61),
  (47, 51, 9.9, 49),
  (47, 29, 12.6, 52),
  (47, 27, 3.6, 25),
  (47, 57, 9.0, 77),
  (47, 78, 1.4, 63),
  (48, 56, 3.8, 33),
  (48, 17, 8.6, 49),
  (48, 6, 13.0, 73),
  (48, 53, 9.0, 41),
  (48, 35, 9.5, 61),
  (48, 44, 13.3, 44),
  (49, 16, 1.1, 47),
  (49, 31, 6.5, 37),
  (49, 2, 9.1, 21),
  (49, 68, 11.2, 35),
  (50, 74, 14.9, 36),
  (50, 60, 13.1, 55),
  (50, 72, 7.4, 76),
  (51, 6, 10.9, 74),
  (51, 100, 4.7, 52),
  (51, 62, 4.5, 37),
  (52, 65, 0.8, 70),
  (52, 89, 8.8, 65),
  (52, 4, 3.4, 58),
  (52, 35, 5.9, 43),
  (53, 63, 9.6, 60),
  (53, 51, 13.8, 28),
  (53, 25, 7.0, 78),
  (53, 79, 14.6, 77),
  (54, 49, 9.0, 61),
  (54, 36, 5.8, 40),
  (54, 9, 5.1, 63),
  (54, 83, 5.9, 27),
  (54, 70, 14.5, 30),
  (54, 8, 9.5, 40),
  (55, 29, 6.6, 29),
  (55, 10, 6.8, 76),
  (55, 52, 13.8, 54),
  (56, 63, 7.2, 56),
  (56, 37, 9.1, 27),
  (56, 75, 6.6, 66),
  (56, 72, 3.0, 25),
  (56, 98, 10.3, 30),
  (57, 86, 5.6, 75),
  (57, 71, 7.7, 27),
  (57, 76, 11.6, 32),
  (57, 55, 7.2, 71),
  (57, 81, 4.7, 56),
  (58, 10, 10.9, 25),
  (58, 51, 10.6, 75),
  (58, 3, 4.9, 35),
  (58, 69, 1.2, 62),
  (58, 35, 2.7, 59),
  (58, 79, 6.9, 41),
  (59, 44, 2.7, 47),
  (59, 21, 9.1, 78),
  (59, 69, 3.8, 23),
  (59, 73, 14.4, 51),
  (59, 47, 12.4, 46),
  (59, 19, 6.3, 73),
  (59, 49, 5.7, 54),
  (60, 52, 8.5, 22),
  (60, 16, 2.8, 42),
  (60, 3, 5.1, 52),
  (60, 44, 9.0, 70),
  (60, 13, 9.0, 49),
  (60, 28, 13.8, 24),
  (61, 26, 10.2, 33),
  (61, 7, 0.5, 35),
  (61, 44, 3.1, 54),
  (62, 35, 5.8, 51),
  (62, 46, 7.9, 51),
  (62, 69, 15.0, 65),
  (62, 86, 11.1, 80),
  (63, 17, 9.2, 52),
  (63, 73, 14.3, 64),
  (63, 26, 1.7, 25),
  (63, 59, 12.5, 33),
  (63, 38, 13.9, 54),
  (63, 81, 5.4, 59),
  (64, 58, 1.7, 67),
  (64, 79, 4.5, 75),
  (64, 26, 4.6, 27),
  (64, 94, 12.3, 21),
  (65, 98, 11.5, 21),
  (65, 85, 11.9, 52),
  (65, 54, 11.6, 59),
  (66, 83, 5.1, 22),
  (66, 95, 3.2, 49),
  (66, 86, 12.1, 71),
  (66, 14, 13.3, 78),
  (66, 35, 12.5, 77),
  (67, 57, 14.0, 29),
  (67, 36, 14.0, 38),
  (67, 51, 7.6, 52),
  (68, 59, 8.0, 40),
  (68, 97, 3.2, 72),
  (68, 57, 3.8, 22),
  (68, 89, 5.0, 50),
  (68, 94, 4.8, 66),
  (69, 98, 5.6, 37),
  (69, 27, 3.3, 73),
  (69, 79, 1.0, 66),
  (69, 6, 6.7, 39),
  (69, 28, 2.7, 44),
  (70, 22, 14.4, 76),
  (70, 11, 10.2, 67),
  (70, 52, 3.2, 60),
  (70, 70, 3.6, 55),
  (70, 5, 5.1, 42),
  (70, 1, 13.7, 40),
  (71, 49, 10.8, 39),
  (71, 34, 14.9, 65),
  (71, 97, 13.1, 66),
  (72, 10, 14.5, 62),
  (72, 79, 2.3, 26),
  (72, 71, 9.0, 47),
  (73, 97, 10.4, 31),
  (73, 54, 14.2, 71),
  (73, 70, 4.2, 25),
  (74, 74, 5.2, 58),
  (74, 91, 11.9, 39),
  (74, 25, 14.7, 69),
  (74, 13, 1.9, 50),
  (74, 95, 13.5, 76),
  (74, 55, 11.6, 43),
  (74, 41, 14.8, 78),
  (75, 20, 4.3, 67),
  (75, 27, 14.9, 41),
  (75, 12, 10.6, 55),
  (75, 8, 11.6, 44),
  (75, 81, 5.1, 38),
  (76, 50, 5.1, 24),
  (76, 54, 10.6, 59),
  (76, 36, 11.6, 31),
  (76, 90, 4.0, 24),
  (76, 55, 5.9, 78),
  (76, 75, 1.5, 71),
  (77, 7, 5.3, 32),
  (77, 68, 7.4, 76),
  (77, 6, 1.9, 69),
  (77, 97, 10.9, 61),
  (77, 16, 11.8, 43),
  (77, 35, 3.8, 59),
  (77, 29, 7.0, 74),
  (78, 79, 3.8, 61),
  (78, 35, 6.5, 41),
  (78, 13, 8.1, 33),
  (78, 56, 8.8, 75),
  (78, 66, 2.1, 56),
  (78, 62, 3.1, 53),
  (78, 26, 10.3, 24),
  (79, 72, 4.6, 60),
  (79, 56, 5.2, 74),
  (79, 68, 8.1, 27),
  (79, 85, 1.0, 78),
  (80, 84, 2.1, 47),
  (80, 85, 9.7, 39),
  (80, 97, 0.5, 50),
  (80, 4, 2.4, 74),
  (80, 1, 10.8, 72),
  (80, 67, 12.9, 22),
  (81, 57, 12.1, 59),
  (81, 94, 3.1, 25),
  (81, 69, 13.7, 37),
  (81, 81, 2.9, 51),
  (81, 10, 9.7, 28),
  (81, 1, 7.8, 53),
  (81, 41, 14.9, 26),
  (82, 32, 3.8, 66),
  (82, 83, 4.6, 44),
  (82, 6, 11.7, 29),
  (82, 65, 5.6, 80),
  (82, 31, 10.3, 46),
  (83, 53, 11.5, 22),
  (83, 71, 1.6, 41),
  (83, 22, 7.8, 53),
  (83, 42, 9.5, 40),
  (84, 21, 6.1, 61),
  (84, 49, 8.1, 69),
  (84, 59, 7.9, 41),
  (84, 75, 13.7, 34),
  (84, 85, 6.5, 65),
  (85, 76, 9.7, 30),
  (85, 100, 12.6, 23),
  (85, 7, 7.6, 53),
  (85, 31, 14.2, 27),
  (86, 23, 10.0, 68),
  (86, 97, 10.3, 49),
  (86, 46, 1.9, 31),
  (87, 59, 5.9, 37),
  (87, 84, 7.4, 51),
  (87, 25, 5.8, 76),
  (87, 3, 3.1, 49),
  (87, 68, 13.0, 27),
  (88, 58, 13.1, 67),
  (88, 33, 7.6, 60),
  (88, 8, 5.8, 51),
  (88, 39, 3.6, 49),
  (88, 31, 9.3, 55),
  (88, 91, 7.8, 48),
  (88, 47, 6.0, 52),
  (89, 83, 9.6, 70),
  (89, 88, 5.4, 65),
  (89, 1, 13.3, 59),
  (89, 21, 9.5, 30),
  (89, 20, 11.5, 25),
  (90, 43, 11.7, 21),
  (90, 88, 12.7, 26),
  (90, 83, 7.8, 60),
  (90, 23, 3.4, 27),
  (90, 52, 7.7, 47),
  (91, 60, 8.5, 79),
  (91, 14, 2.1, 61),
  (91, 50, 10.7, 48),
  (92, 71, 2.4, 79),
  (92, 49, 14.2, 60),
  (92, 25, 11.3, 65),
  (92, 24, 5.3, 77),
  (93, 72, 8.4, 45),
  (93, 62, 4.9, 42),
  (93, 15, 9.1, 51),
  (93, 54, 14.5, 20),
  (94, 30, 10.9, 32),
  (94, 46, 1.7, 40),
  (94, 18, 6.2, 43),
  (94, 31, 4.8, 30),
  (94, 58, 3.3, 48),
  (94, 63, 7.1, 79),
  (94, 93, 8.5, 24),
  (95, 77, 2.2, 65),
  (95, 71, 13.7, 59),
  (95, 98, 2.6, 74),
  (96, 69, 9.4, 55),
  (96, 55, 8.4, 38),
  (96, 5, 6.1, 56),
  (96, 40, 2.8, 53),
  (96, 61, 4.6, 58),
  (96, 45, 14.5, 26),
  (96, 98, 9.0, 34),
  (97, 2, 10.4, 64),
  (97, 40, 5.7, 31),
  (97, 75, 12.2, 76),
  (97, 44, 10.0, 34),
  (97, 77, 14.1, 80),
  (98, 91, 7.2, 69),
  (98, 43, 13.4, 71),
  (98, 44, 11.0, 27),
  (98, 100, 3.3, 64),
  (98, 96, 8.4, 78),
  (98, 14, 0.9, 61),
  (98, 40, 9.6, 25),
  (99, 30, 3.8, 43),
  (99, 47, 14.6, 31),
  (99, 92, 8.5, 50),
  (100, 47, 9.1, 60),
  (100, 10, 2.6, 50),
  (100, 87, 2.3, 26),
  (100, 24, 3.4, 74),
  (100, 14, 4.5, 28);

INSERT INTO student_courses (student_id, course_id, grade) VALUES
  (1, 29, 75),
  (1, 60, 99),
  (1, 18, 65),
  (1, 88, 74),
  (1, 62, 85),
  (1, 3, 92),
  (2, 81, 71),
  (2, 6, 89),
  (2, 98, 85),
  (2, 19, 62),
  (3, 3, 91),
  (3, 36, 84),
  (3, 41, 63),
  (4, 77, 52),
  (4, 76, 79),
  (4, 79, 53),
  (5, 47, 69),
  (5, 26, 71),
  (5, 63, 58),
  (5, 61, 90),
  (5, 79, 84),
  (5, 46, 66),
  (6, 31, 93),
  (6, 45, 60),
  (6, 43, 70),
  (6, 55, 62),
  (6, 88, 64),
  (7, 92, 67),
  (7, 90, 65),
  (7, 87, 54),
  (7, 11, 66),
  (7, 13, 56),
  (7, 10, 93),
  (8, 63, 82),
  (8, 75, 67),
  (8, 85, 80),
  (8, 55, 80),
  (9, 12, 88),
  (9, 51, 54),
  (9, 92, 69),
  (10, 50, 76),
  (10, 17, 97),
  (10, 69, 89),
  (10, 76, 100),
  (11, 93, 72),
  (11, 27, 90),
  (11, 39, 60),
  (11, 78, 96),
  (11, 99, 61),
  (12, 89, 55),
  (12, 2, 87),
  (12, 42, 53),
  (12, 60, 61),
  (12, 85, 52),
  (12, 44, 51),
  (13, 86, 64),
  (13, 10, 68),
  (13, 2, 53),
  (13, 35, 65),
  (13, 92, 61),
  (14, 51, 68),
  (14, 97, 55),
  (14, 3, 93),
  (15, 89, 58),
  (15, 99, 95),
  (15, 8, 75),
  (15, 22, 52),
  (15, 97, 95),
  (15, 38, 99),
  (16, 25, 83),
  (16, 63, 76),
  (16, 77, 91),
  (16, 13, 69),
  (16, 69, 95),
  (17, 51, 87),
  (17, 7, 99),
  (17, 52, 90),
  (17, 95, 99),
  (17, 50, 88),
  (18, 47, 68),
  (18, 20, 71),
  (18, 19, 54),
  (19, 60, 58),
  (19, 44, 97),
  (19, 97, 73),
  (19, 36, 79),
  (19, 45, 76),
  (19, 31, 54),
  (20, 1, 68),
  (20, 50, 96),
  (20, 61, 56),
  (20, 28, 91),
  (20, 79, 51),
  (21, 7, 82),
  (21, 66, 81),
  (21, 46, 67),
  (21, 15, 80),
  (21, 90, 61),
  (21, 29, 58),
  (22, 14, 87),
  (22, 33, 54),
  (22, 60, 53),
  (23, 11, 61),
  (23, 68, 73),
  (23, 39, 52),
  (23, 19, 83),
  (23, 2, 83),
  (24, 47, 73),
  (24, 41, 80),
  (24, 78, 92),
  (24, 27, 70),
  (24, 99, 73),
  (24, 3, 66),
  (25, 92, 59),
  (25, 59, 67),
  (25, 20, 63),
  (25, 89, 97),
  (25, 67, 91),
  (25, 38, 66),
  (26, 25, 65),
  (26, 91, 54),
  (26, 15, 67),
  (26, 57, 97),
  (26, 42, 62),
  (26, 83, 54),
  (27, 65, 74),
  (27, 58, 60),
  (27, 19, 71),
  (27, 49, 87),
  (27, 20, 79),
  (28, 67, 50),
  (28, 92, 68),
  (28, 63, 94),
  (28, 76, 89),
  (28, 84, 92),
  (29, 48, 61),
  (29, 83, 75),
  (29, 17, 99),
  (30, 43, 56),
  (30, 9, 85),
  (30, 61, 57),
  (30, 95, 80),
  (30, 99, 93),
  (30, 63, 81),
  (31, 53, 78),
  (31, 77, 61),
  (31, 8, 83),
  (32, 36, 66),
  (32, 63, 54),
  (32, 98, 100),
  (33, 41, 94),
  (33, 64, 88),
  (33, 75, 69),
  (34, 70, 58),
  (34, 4, 77),
  (34, 82, 54),
  (34, 55, 100),
  (34, 100, 84),
  (35, 89, 73),
  (35, 50, 95),
  (35, 76, 56),
  (36, 5, 56),
  (36, 15, 99),
  (36, 39, 84),
  (36, 50, 88),
  (37, 85, 55),
  (37, 95, 99),
  (37, 65, 52),
  (37, 16, 73),
  (37, 98, 67),
  (37, 78, 71),
  (38, 94, 78),
  (38, 47, 88),
  (38, 69, 77),
  (39, 75, 66),
  (39, 72, 96),
  (39, 6, 85),
  (40, 88, 78),
  (40, 19, 93),
  (40, 20, 68),
  (41, 55, 82),
  (41, 9, 98),
  (41, 41, 76),
  (41, 14, 62),
  (41, 75, 52),
  (42, 80, 99),
  (42, 1, 99),
  (42, 84, 93),
  (42, 58, 60),
  (42, 3, 62),
  (43, 2, 80),
  (43, 28, 51),
  (43, 39, 64),
  (43, 13, 54),
  (43, 14, 83),
  (43, 97, 71),
  (44, 94, 75),
  (44, 90, 85),
  (44, 81, 73),
  (45, 63, 87),
  (45, 64, 62),
  (45, 3, 93),
  (46, 70, 59),
  (46, 87, 98),
  (46, 50, 56),
  (47, 28, 77),
  (47, 29, 51),
  (47, 1, 100),
  (47, 81, 50),
  (47, 72, 57),
  (48, 32, 84),
  (48, 72, 73),
  (48, 58, 79),
  (48, 43, 98),
  (48, 73, 79),
  (48, 27, 51),
  (49, 11, 50),
  (49, 94, 54),
  (49, 51, 75),
  (50, 97, 95),
  (50, 32, 89),
  (50, 76, 72),
  (50, 11, 94),
  (51, 52, 84),
  (51, 97, 79),
  (51, 41, 83),
  (51, 37, 83),
  (51, 58, 71),
  (51, 32, 55),
  (52, 32, 96),
  (52, 51, 97),
  (52, 21, 65),
  (53, 48, 92),
  (53, 47, 96),
  (53, 64, 75),
  (53, 7, 84),
  (53, 84, 89),
  (53, 2, 69),
  (54, 54, 100),
  (54, 69, 70),
  (54, 28, 99),
  (54, 21, 71),
  (55, 61, 54),
  (55, 82, 87),
  (55, 34, 92),
  (55, 83, 72),
  (56, 59, 51),
  (56, 6, 88),
  (56, 48, 59),
  (56, 79, 62),
  (56, 71, 80),
  (57, 53, 90),
  (57, 40, 73),
  (57, 47, 98),
  (57, 33, 97),
  (57, 65, 86),
  (58, 19, 65),
  (58, 74, 63),
  (58, 60, 97),
  (58, 82, 93),
  (58, 65, 50),
  (59, 31, 71),
  (59, 7, 77),
  (59, 73, 88),
  (60, 89, 84),
  (60, 13, 77),
  (60, 93, 71),
  (60, 17, 57),
  (61, 63, 58),
  (61, 95, 87),
  (61, 83, 64),
  (61, 56, 87),
  (61, 66, 72),
  (62, 64, 97),
  (62, 20, 63),
  (62, 63, 91),
  (62, 34, 70),
  (62, 73, 64),
  (62, 7, 59),
  (63, 10, 57),
  (63, 20, 66),
  (63, 13, 98),
  (63, 6, 94),
  (63, 22, 59),
  (63, 34, 72),
  (64, 41, 94),
  (64, 53, 67),
  (64, 96, 98),
  (64, 81, 97),
  (64, 1, 69),
  (64, 84, 82),
  (65, 56, 86),
  (65, 45, 90),
  (65, 89, 54),
  (65, 12, 94),
  (66, 12, 67),
  (66, 3, 69),
  (66, 93, 63),
  (66, 19, 54),
  (66, 11, 50),
  (67, 44, 73),
  (67, 38, 59),
  (67, 63, 78),
  (68, 98, 71),
  (68, 67, 52),
  (68, 100, 54),
  (69, 32, 93),
  (69, 27, 82),
  (69, 55, 52),
  (70, 87, 51),
  (70, 51, 57),
  (70, 37, 51),
  (70, 78, 64),
  (70, 17, 84),
  (71, 77, 55),
  (71, 30, 81),
  (71, 43, 66),
  (71, 95, 83),
  (71, 99, 51),
  (72, 49, 89),
  (72, 23, 60),
  (72, 8, 60),
  (72, 50, 79),
  (72, 28, 70),
  (72, 22, 95),
  (73, 76, 73),
  (73, 80, 83),
  (73, 92, 99),
  (74, 25, 68),
  (74, 42, 64),
  (74, 48, 57),
  (74, 55, 80),
  (74, 88, 88),
  (75, 41, 58),
  (75, 52, 71),
  (75, 62, 70),
  (75, 24, 70),
  (75, 90, 87),
  (76, 45, 64),
  (76, 41, 52),
  (76, 18, 79),
  (76, 26, 73),
  (76, 8, 61),
  (76, 100, 50),
  (77, 56, 80),
  (77, 47, 71),
  (77, 54, 92),
  (77, 64, 81),
  (78, 94, 85),
  (78, 63, 84),
  (78, 11, 58),
  (78, 91, 99),
  (78, 56, 69),
  (78, 4, 68),
  (79, 57, 76),
  (79, 80, 51),
  (79, 16, 71),
  (79, 13, 67),
  (79, 28, 56),
  (79, 73, 53),
  (80, 23, 50),
  (80, 63, 89),
  (80, 40, 97),
  (80, 98, 83),
  (80, 49, 72),
  (80, 62, 87),
  (81, 3, 96),
  (81, 60, 72),
  (81, 93, 55),
  (81, 61, 98),
  (82, 3, 52),
  (82, 41, 81),
  (82, 86, 62),
  (83, 84, 79),
  (83, 100, 98),
  (83, 33, 92),
  (83, 98, 65),
  (83, 96, 63),
  (83, 25, 58),
  (84, 59, 52),
  (84, 83, 58),
  (84, 33, 97),
  (85, 91, 97),
  (85, 79, 73),
  (85, 18, 61),
  (85, 78, 59),
  (85, 56, 96),
  (86, 27, 97),
  (86, 71, 63),
  (86, 34, 83),
  (86, 72, 81),
  (86, 70, 66),
  (86, 56, 77),
  (87, 30, 55),
  (87, 42, 83),
  (87, 41, 80),
  (88, 30, 68),
  (88, 46, 66),
  (88, 9, 72),
  (88, 73, 85),
  (89, 82, 62),
  (89, 24, 81),
  (89, 91, 66),
  (89, 59, 100),
  (90, 81, 52),
  (90, 86, 57),
  (90, 89, 73),
  (90, 7, 79),
  (91, 18, 50),
  (91, 6, 98),
  (91, 81, 82),
  (91, 98, 68),
  (92, 91, 50),
  (92, 48, 57),
  (92, 33, 62),
  (92, 53, 92),
  (93, 12, 79),
  (93, 86, 61),
  (93, 28, 87),
  (93, 64, 92),
  (93, 49, 59),
  (93, 63, 51),
  (94, 67, 81),
  (94, 49, 58),
  (94, 33, 62),
  (94, 99, 91),
  (94, 43, 80),
  (94, 82, 66),
  (95, 80, 58),
  (95, 75, 51),
  (95, 13, 71),
  (96, 38, 51),
  (96, 35, 63),
  (96, 95, 70),
  (96, 84, 93),
  (96, 8, 64),
  (97, 91, 84),
  (97, 82, 97),
  (97, 84, 98),
  (98, 70, 54),
  (98, 38, 55),
  (98, 78, 63),
  (98, 55, 50),
  (98, 23, 81),
  (99, 82, 77),
  (99, 38, 74),
  (99, 11, 50),
  (99, 62, 56),
  (99, 75, 69),
  (100, 75, 61),
  (100, 80, 58),
  (100, 36, 78),
  (100, 94, 55),
  (100, 74, 92),
  (101, 34, 51),
  (101, 21, 55),
  (101, 35, 84),
  (101, 96, 80),
  (101, 97, 65),
  (102, 31, 60),
  (102, 53, 71),
  (102, 93, 61),
  (102, 28, 64),
  (102, 70, 73),
  (103, 64, 53),
  (103, 80, 83),
  (103, 49, 91),
  (104, 25, 84),
  (104, 41, 86),
  (104, 44, 52),
  (104, 48, 87),
  (104, 71, 72),
  (105, 93, 54),
  (105, 19, 91),
  (105, 57, 68),
  (105, 53, 97),
  (106, 45, 95),
  (106, 47, 50),
  (106, 51, 65),
  (106, 75, 57),
  (106, 6, 52),
  (107, 51, 96),
  (107, 72, 91),
  (107, 49, 55),
  (108, 96, 89),
  (108, 71, 81),
  (108, 18, 54),
  (109, 2, 78),
  (109, 39, 77),
  (109, 100, 62),
  (109, 88, 74),
  (110, 48, 72),
  (110, 50, 98),
  (110, 10, 53),
  (110, 57, 59),
  (111, 95, 80),
  (111, 84, 58),
  (111, 42, 54),
  (111, 94, 92),
  (111, 78, 51),
  (111, 69, 54),
  (112, 91, 70),
  (112, 41, 84),
  (112, 43, 74),
  (112, 97, 96),
  (113, 79, 58),
  (113, 77, 72),
  (113, 99, 77),
  (113, 84, 61),
  (114, 94, 96),
  (114, 60, 53),
  (114, 66, 51),
  (114, 29, 59),
  (114, 34, 82),
  (115, 69, 58),
  (115, 85, 85),
  (115, 7, 69),
  (115, 22, 86),
  (115, 6, 55),
  (115, 58, 84),
  (116, 24, 100),
  (116, 83, 64),
  (116, 25, 64),
  (116, 43, 85),
  (116, 18, 84),
  (117, 61, 60),
  (117, 78, 59),
  (117, 57, 98),
  (117, 91, 62),
  (117, 56, 66),
  (118, 53, 65),
  (118, 40, 81),
  (118, 61, 85),
  (118, 81, 82),
  (118, 67, 97),
  (119, 38, 84),
  (119, 35, 100),
  (119, 75, 51),
  (119, 69, 73),
  (119, 9, 84),
  (119, 59, 85),
  (120, 37, 93),
  (120, 87, 53),
  (120, 91, 99),
  (120, 57, 62),
  (120, 7, 52),
  (121, 14, 73),
  (121, 39, 87),
  (121, 13, 56),
  (121, 100, 91),
  (121, 77, 80),
  (122, 28, 80),
  (122, 58, 54),
  (122, 13, 99),
  (122, 3, 98),
  (122, 44, 79),
  (122, 95, 70),
  (123, 26, 95),
  (123, 44, 82),
  (123, 15, 87),
  (124, 21, 91),
  (124, 19, 62),
  (124, 85, 75),
  (124, 86, 83),
  (125, 81, 87),
  (125, 24, 77),
  (125, 15, 56),
  (125, 66, 86),
  (126, 36, 63),
  (126, 29, 89),
  (126, 70, 95),
  (127, 24, 78),
  (127, 6, 97),
  (127, 96, 52),
  (127, 17, 78),
  (127, 60, 72),
  (128, 1, 72),
  (128, 86, 52),
  (128, 89, 75),
  (128, 88, 68),
  (128, 8, 97),
  (128, 25, 76),
  (129, 72, 87),
  (129, 65, 88),
  (129, 31, 75),
  (129, 75, 55),
  (130, 92, 69),
  (130, 62, 72),
  (130, 1, 73),
  (130, 66, 87),
  (130, 36, 99),
  (130, 46, 76),
  (131, 85, 53),
  (131, 12, 53),
  (131, 36, 89),
  (131, 83, 82),
  (131, 76, 69),
  (131, 17, 97),
  (132, 67, 73),
  (132, 9, 54),
  (132, 93, 78),
  (132, 3, 81),
  (132, 36, 97),
  (132, 21, 51),
  (133, 16, 64),
  (133, 38, 53),
  (133, 96, 83),
  (133, 94, 92),
  (134, 93, 95),
  (134, 64, 67),
  (134, 81, 62),
  (134, 99, 84),
  (134, 91, 89),
  (134, 63, 86),
  (135, 6, 99),
  (135, 45, 97),
  (135, 33, 73),
  (135, 55, 57),
  (136, 47, 51),
  (136, 97, 98),
  (136, 100, 57),
  (136, 87, 78),
  (136, 76, 89),
  (136, 55, 100),
  (137, 34, 70),
  (137, 60, 75),
  (137, 71, 64),
  (137, 50, 56),
  (138, 56, 71),
  (138, 33, 82),
  (138, 53, 63),
  (138, 62, 53),
  (138, 48, 55),
  (139, 21, 54),
  (139, 23, 66),
  (139, 97, 64),
  (139, 95, 50),
  (139, 76, 76),
  (139, 13, 90),
  (140, 66, 50),
  (140, 24, 98),
  (140, 47, 74),
  (141, 72, 86),
  (141, 11, 99),
  (141, 10, 95),
  (141, 13, 55),
  (141, 45, 86),
  (142, 62, 76),
  (142, 67, 99),
  (142, 92, 84),
  (142, 9, 69),
  (142, 24, 94),
  (142, 95, 78),
  (143, 87, 79),
  (143, 37, 70),
  (143, 17, 96),
  (144, 45, 51),
  (144, 83, 57),
  (144, 62, 73),
  (144, 71, 61),
  (144, 11, 78),
  (144, 43, 82),
  (145, 75, 93),
  (145, 40, 91),
  (145, 46, 81),
  (145, 30, 63),
  (145, 86, 59),
  (146, 58, 59),
  (146, 77, 89),
  (146, 59, 72),
  (146, 73, 72),
  (146, 32, 71),
  (146, 33, 79),
  (147, 33, 77),
  (147, 23, 90),
  (147, 14, 82),
  (148, 39, 93),
  (148, 62, 74),
  (148, 18, 61),
  (148, 23, 52),
  (148, 55, 98),
  (149, 36, 60),
  (149, 11, 72),
  (149, 64, 98),
  (149, 85, 83),
  (149, 69, 81),
  (149, 90, 65),
  (150, 86, 88),
  (150, 48, 72),
  (150, 28, 71),
  (150, 75, 64),
  (150, 74, 86),
  (151, 77, 60),
  (151, 2, 59),
  (151, 79, 88),
  (151, 3, 71),
  (151, 60, 84),
  (151, 47, 70),
  (152, 88, 79),
  (152, 84, 78),
  (152, 14, 71),
  (152, 67, 58),
  (152, 99, 81),
  (153, 64, 89),
  (153, 61, 87),
  (153, 62, 88),
  (153, 74, 87),
  (154, 23, 82),
  (154, 14, 100),
  (154, 24, 59),
  (154, 78, 79),
  (154, 51, 100),
  (155, 80, 55),
  (155, 37, 78),
  (155, 40, 89),
  (156, 41, 98),
  (156, 59, 62),
  (156, 82, 92),
  (156, 78, 50),
  (157, 10, 96),
  (157, 23, 86),
  (157, 90, 71),
  (157, 2, 68),
  (157, 12, 100),
  (157, 73, 76),
  (158, 20, 99),
  (158, 14, 87),
  (158, 70, 70),
  (158, 21, 97),
  (159, 38, 100),
  (159, 84, 55),
  (159, 36, 67),
  (159, 85, 83),
  (159, 63, 85),
  (159, 20, 67),
  (160, 89, 100),
  (160, 49, 91),
  (160, 66, 59),
  (160, 8, 82),
  (160, 72, 54),
  (161, 38, 67),
  (161, 48, 98),
  (161, 47, 87),
  (161, 26, 80),
  (161, 77, 54),
  (162, 61, 66),
  (162, 84, 64),
  (162, 48, 58),
  (162, 9, 80),
  (162, 28, 77),
  (162, 78, 94),
  (163, 31, 60),
  (163, 8, 97),
  (163, 24, 69),
  (163, 51, 99),
  (163, 27, 70),
  (164, 43, 94),
  (164, 2, 92),
  (164, 11, 81),
  (164, 56, 50),
  (164, 17, 63),
  (165, 47, 75),
  (165, 67, 81),
  (165, 1, 94),
  (165, 69, 81),
  (166, 17, 95),
  (166, 69, 73),
  (166, 95, 63),
  (166, 92, 67),
  (166, 60, 88),
  (166, 80, 64),
  (167, 68, 56),
  (167, 20, 90),
  (167, 93, 57),
  (167, 42, 58),
  (167, 53, 97),
  (167, 94, 100),
  (168, 42, 50),
  (168, 2, 73),
  (168, 81, 96),
  (168, 88, 55),
  (169, 11, 100),
  (169, 34, 67),
  (169, 87, 94),
  (170, 90, 53),
  (170, 7, 70),
  (170, 10, 62),
  (170, 81, 59),
  (170, 87, 91),
  (171, 81, 86),
  (171, 48, 81),
  (171, 16, 58),
  (172, 31, 75),
  (172, 46, 88),
  (172, 49, 89),
  (172, 3, 94),
  (173, 29, 97),
  (173, 77, 81),
  (173, 81, 57),
  (173, 93, 62),
  (174, 38, 83),
  (174, 89, 70),
  (174, 57, 84),
  (174, 71, 61),
  (174, 92, 61),
  (174, 11, 90),
  (175, 54, 93),
  (175, 71, 73),
  (175, 69, 62),
  (175, 86, 84),
  (176, 68, 98),
  (176, 41, 88),
  (176, 23, 61),
  (176, 84, 88),
  (177, 12, 58),
  (177, 58, 87),
  (177, 83, 99),
  (177, 55, 96),
  (177, 37, 53),
  (177, 34, 74),
  (178, 79, 63),
  (178, 60, 50),
  (178, 94, 69),
  (178, 43, 99),
  (178, 90, 52),
  (178, 21, 52),
  (179, 63, 51),
  (179, 38, 54),
  (179, 88, 57),
  (179, 6, 87),
  (179, 45, 56),
  (179, 87, 76),
  (180, 99, 83),
  (180, 41, 98),
  (180, 34, 100),
  (180, 73, 95),
  (180, 12, 85),
  (181, 81, 99),
  (181, 26, 88),
  (181, 37, 55),
  (181, 41, 87),
  (182, 49, 75),
  (182, 3, 72),
  (182, 26, 61),
  (182, 91, 54),
  (182, 55, 66),
  (182, 82, 70),
  (183, 85, 73),
  (183, 55, 69),
  (183, 56, 53),
  (183, 1, 90),
  (183, 93, 90),
  (184, 31, 91),
  (184, 53, 91),
  (184, 43, 99),
  (184, 66, 80),
  (184, 88, 72),
  (185, 60, 57),
  (185, 96, 83),
  (185, 53, 59),
  (185, 44, 79),
  (185, 9, 73),
  (185, 17, 59),
  (186, 29, 87),
  (186, 30, 52),
  (186, 54, 58),
  (186, 91, 84),
  (186, 97, 87),
  (187, 2, 97),
  (187, 58, 66),
  (187, 89, 79),
  (187, 47, 85),
  (187, 1, 86),
  (187, 94, 74),
  (188, 13, 98),
  (188, 14, 91),
  (188, 68, 57),
  (188, 60, 87),
  (188, 33, 68),
  (189, 44, 69),
  (189, 16, 75),
  (189, 95, 59),
  (189, 19, 80),
  (189, 47, 80),
  (190, 75, 71),
  (190, 15, 83),
  (190, 57, 54),
  (190, 90, 67),
  (190, 71, 75),
  (190, 78, 58),
  (191, 14, 89),
  (191, 89, 73),
  (191, 5, 77),
  (192, 63, 53),
  (192, 88, 68),
  (192, 59, 96),
  (193, 55, 82),
  (193, 9, 71),
  (193, 66, 95),
  (194, 1, 53),
  (194, 84, 54),
  (194, 4, 93),
  (195, 45, 91),
  (195, 77, 71),
  (195, 100, 61),
  (195, 38, 85),
  (196, 71, 74),
  (196, 40, 99),
  (196, 26, 68),
  (196, 86, 60),
  (196, 87, 98),
  (196, 32, 89),
  (197, 75, 58),
  (197, 89, 98),
  (197, 23, 65),
  (197, 16, 61),
  (198, 21, 65),
  (198, 27, 71),
  (198, 38, 91),
  (198, 34, 67),
  (198, 49, 77),
  (198, 89, 91),
  (199, 13, 61),
  (199, 96, 80),
  (199, 43, 64),
  (200, 53, 56),
  (200, 31, 61),
  (200, 88, 88),
  (200, 84, 56),
  (200, 36, 70),
  (201, 99, 60),
  (201, 40, 62),
  (201, 72, 94),
  (201, 64, 62),
  (201, 71, 89),
  (201, 45, 86),
  (202, 92, 50),
  (202, 6, 52),
  (202, 18, 89),
  (203, 33, 72),
  (203, 16, 70),
  (203, 68, 81),
  (203, 57, 55),
  (203, 88, 68),
  (203, 26, 88),
  (204, 37, 64),
  (204, 15, 84),
  (204, 84, 71),
  (204, 92, 67),
  (204, 88, 92),
  (204, 73, 64),
  (205, 88, 57),
  (205, 17, 99),
  (205, 80, 91),
  (205, 89, 86),
  (206, 43, 96),
  (206, 73, 89),
  (206, 34, 65),
  (206, 49, 91),
  (206, 48, 72),
  (206, 24, 79),
  (207, 89, 77),
  (207, 22, 68),
  (207, 71, 51),
  (208, 67, 76),
  (208, 44, 54),
  (208, 83, 55),
  (208, 82, 67),
  (209, 55, 57),
  (209, 19, 54),
  (209, 95, 59),
  (209, 54, 76),
  (209, 85, 88),
  (209, 25, 91),
  (210, 56, 97),
  (210, 67, 84),
  (210, 43, 75),
  (210, 20, 52),
  (210, 36, 51),
  (211, 46, 55),
  (211, 43, 85),
  (211, 50, 94),
  (212, 68, 69),
  (212, 38, 78),
  (212, 83, 60),
  (212, 22, 81),
  (212, 69, 99),
  (213, 70, 62),
  (213, 98, 61),
  (213, 60, 55),
  (213, 17, 72),
  (214, 47, 94),
  (214, 5, 87),
  (214, 33, 94),
  (214, 16, 98),
  (214, 25, 60),
  (214, 15, 51),
  (215, 57, 77),
  (215, 2, 54),
  (215, 38, 97),
  (215, 18, 90),
  (215, 19, 71),
  (216, 99, 61),
  (216, 65, 90),
  (216, 86, 73),
  (216, 4, 65),
  (217, 3, 51),
  (217, 57, 54),
  (217, 15, 92),
  (217, 74, 95),
  (217, 64, 79),
  (218, 27, 100),
  (218, 99, 93),
  (218, 87, 58),
  (219, 53, 94),
  (219, 51, 52),
  (219, 98, 86),
  (219, 55, 78),
  (220, 81, 85),
  (220, 86, 51),
  (220, 56, 71),
  (220, 39, 70),
  (220, 57, 50),
  (221, 93, 78),
  (221, 58, 75),
  (221, 82, 90),
  (221, 51, 97),
  (221, 66, 57),
  (222, 31, 88),
  (222, 69, 50),
  (222, 84, 66),
  (222, 53, 99),
  (222, 86, 55),
  (223, 72, 81),
  (223, 8, 66),
  (223, 67, 69),
  (223, 29, 86),
  (224, 78, 54),
  (224, 53, 98),
  (224, 93, 95),
  (224, 20, 76),
  (224, 85, 80),
  (225, 84, 65),
  (225, 94, 78),
  (225, 67, 64),
  (225, 58, 65),
  (225, 23, 79),
  (226, 10, 69),
  (226, 25, 50),
  (226, 85, 99),
  (226, 64, 56),
  (226, 23, 53),
  (226, 53, 100),
  (227, 49, 93),
  (227, 34, 89),
  (227, 75, 56),
  (227, 40, 55),
  (228, 89, 99),
  (228, 69, 63),
  (228, 7, 97),
  (228, 16, 66),
  (228, 85, 98),
  (229, 13, 70),
  (229, 61, 88),
  (229, 24, 57),
  (229, 56, 98),
  (229, 43, 78),
  (229, 80, 77),
  (230, 18, 77),
  (230, 43, 78),
  (230, 84, 79),
  (230, 69, 57),
  (231, 35, 84),
  (231, 98, 76),
  (231, 42, 56),
  (232, 3, 54),
  (232, 98, 65),
  (232, 27, 50),
  (233, 38, 69),
  (233, 82, 94),
  (233, 46, 89),
  (233, 83, 71),
  (233, 45, 50),
  (234, 6, 62),
  (234, 28, 62),
  (234, 33, 75),
  (234, 4, 83),
  (235, 2, 89),
  (235, 34, 57),
  (235, 95, 82),
  (235, 24, 78),
  (236, 86, 77),
  (236, 7, 89),
  (236, 91, 93),
  (236, 31, 52),
  (236, 61, 100),
  (236, 33, 99),
  (237, 26, 72),
  (237, 19, 74),
  (237, 96, 98),
  (237, 87, 66),
  (238, 84, 95),
  (238, 31, 71),
  (238, 20, 71),
  (238, 33, 83),
  (238, 97, 96),
  (239, 30, 61),
  (239, 35, 54),
  (239, 24, 68),
  (239, 93, 72),
  (239, 28, 65),
  (240, 32, 55),
  (240, 19, 76),
  (240, 87, 77),
  (240, 35, 79),
  (240, 56, 54),
  (240, 21, 74),
  (241, 48, 69),
  (241, 16, 97),
  (241, 26, 94),
  (241, 34, 72),
  (241, 91, 93),
  (241, 84, 86),
  (242, 11, 100),
  (242, 60, 84),
  (242, 61, 57),
  (242, 55, 67),
  (242, 8, 72),
  (242, 30, 57),
  (243, 74, 53),
  (243, 90, 68),
  (243, 32, 76),
  (243, 77, 66),
  (243, 15, 52),
  (243, 98, 83),
  (244, 83, 51),
  (244, 49, 97),
  (244, 39, 96),
  (244, 35, 50),
  (245, 66, 90),
  (245, 48, 57),
  (245, 44, 82),
  (245, 24, 75),
  (246, 83, 84),
  (246, 28, 66),
  (246, 3, 77),
  (246, 85, 88),
  (246, 73, 60),
  (247, 94, 96),
  (247, 68, 61),
  (247, 23, 58),
  (248, 91, 66),
  (248, 6, 85),
  (248, 30, 98),
  (248, 23, 87),
  (249, 43, 80),
  (249, 72, 79),
  (249, 16, 96),
  (250, 70, 75),
  (250, 9, 52),
  (250, 82, 68),
  (251, 16, 98),
  (251, 94, 71),
  (251, 29, 55),
  (251, 89, 68),
  (251, 78, 99),
  (251, 7, 88),
  (252, 62, 80),
  (252, 67, 73),
  (252, 39, 80),
  (253, 21, 73),
  (253, 38, 60),
  (253, 34, 69),
  (253, 9, 77),
  (253, 83, 81),
  (253, 36, 81),
  (254, 2, 76),
  (254, 87, 90),
  (254, 38, 85),
  (254, 9, 93),
  (254, 25, 86),
  (254, 84, 70),
  (255, 14, 80),
  (255, 42, 84),
  (255, 18, 75),
  (256, 48, 88),
  (256, 45, 54),
  (256, 23, 67),
  (257, 90, 76),
  (257, 71, 50),
  (257, 59, 58),
  (258, 30, 55),
  (258, 33, 53),
  (258, 32, 85),
  (258, 93, 73),
  (259, 80, 85),
  (259, 74, 80),
  (259, 22, 83),
  (260, 44, 71),
  (260, 25, 96),
  (260, 37, 76),
  (260, 40, 75),
  (260, 61, 73),
  (261, 84, 87),
  (261, 14, 79),
  (261, 1, 83),
  (261, 52, 73),
  (262, 5, 54),
  (262, 24, 83),
  (262, 27, 100),
  (262, 55, 97),
  (263, 7, 74),
  (263, 92, 70),
  (263, 53, 87),
  (263, 77, 87),
  (264, 4, 75),
  (264, 34, 52),
  (264, 17, 88),
  (264, 60, 66),
  (264, 71, 75),
  (264, 19, 68),
  (265, 73, 67),
  (265, 33, 89),
  (265, 94, 59),
  (265, 9, 68),
  (265, 66, 77),
  (265, 81, 79),
  (266, 13, 67),
  (266, 29, 100),
  (266, 76, 62),
  (266, 15, 55),
  (266, 12, 99),
  (266, 10, 79),
  (267, 98, 96),
  (267, 40, 94),
  (267, 8, 71),
  (267, 26, 64),
  (267, 36, 74),
  (267, 82, 74),
  (268, 44, 98),
  (268, 19, 90),
  (268, 46, 66),
  (268, 92, 86),
  (269, 100, 79),
  (269, 78, 83),
  (269, 42, 52),
  (270, 90, 60),
  (270, 47, 90),
  (270, 40, 83),
  (270, 32, 76),
  (271, 5, 91),
  (271, 100, 86),
  (271, 54, 90),
  (271, 99, 51),
  (271, 93, 79),
  (272, 3, 72),
  (272, 98, 90),
  (272, 66, 87),
  (273, 33, 75),
  (273, 84, 63),
  (273, 19, 56),
  (273, 88, 82),
  (273, 82, 55),
  (273, 98, 58),
  (274, 64, 86),
  (274, 3, 51),
  (274, 60, 75),
  (274, 7, 90),
  (274, 74, 54),
  (274, 53, 99),
  (275, 34, 89),
  (275, 82, 91),
  (275, 88, 79),
  (275, 85, 55),
  (275, 93, 85),
  (275, 92, 50),
  (276, 70, 59),
  (276, 98, 61),
  (276, 57, 100),
  (276, 75, 74),
  (276, 74, 89),
  (276, 100, 88),
  (277, 85, 57),
  (277, 43, 78),
  (277, 63, 100),
  (277, 5, 75),
  (278, 48, 90),
  (278, 45, 76),
  (278, 4, 73),
  (278, 59, 57),
  (278, 12, 52),
  (278, 42, 81),
  (279, 99, 90),
  (279, 63, 68),
  (279, 13, 85),
  (279, 54, 64),
  (279, 87, 52),
  (280, 37, 93),
  (280, 53, 78),
  (280, 69, 89),
  (280, 85, 67),
  (280, 3, 74),
  (281, 10, 99),
  (281, 49, 63),
  (281, 83, 72),
  (282, 35, 74),
  (282, 48, 90),
  (282, 94, 75),
  (282, 31, 75),
  (282, 9, 65),
  (282, 91, 74),
  (283, 77, 68),
  (283, 11, 80),
  (283, 97, 53),
  (283, 78, 82),
  (283, 50, 52),
  (283, 13, 70),
  (284, 19, 79),
  (284, 63, 82),
  (284, 43, 79),
  (284, 98, 55),
  (284, 17, 82),
  (284, 13, 63),
  (285, 43, 91),
  (285, 56, 98),
  (285, 81, 99),
  (285, 70, 85),
  (285, 76, 88),
  (285, 61, 51),
  (286, 78, 64),
  (286, 3, 99),
  (286, 53, 59),
  (286, 70, 89),
  (287, 73, 92),
  (287, 43, 97),
  (287, 59, 72),
  (287, 3, 59),
  (287, 94, 95),
  (287, 57, 68),
  (288, 94, 55),
  (288, 83, 94),
  (288, 39, 81),
  (288, 10, 55),
  (288, 1, 67),
  (289, 19, 81),
  (289, 20, 66),
  (289, 44, 74),
  (289, 60, 50),
  (289, 71, 58),
  (289, 12, 85),
  (290, 1, 99),
  (290, 97, 94),
  (290, 72, 62),
  (290, 86, 83),
  (290, 32, 82),
  (291, 68, 96),
  (291, 25, 50),
  (291, 5, 67),
  (292, 68, 73),
  (292, 86, 61),
  (292, 48, 52),
  (293, 52, 69),
  (293, 76, 51),
  (293, 54, 71),
  (293, 78, 94),
  (293, 41, 97),
  (293, 4, 80),
  (294, 97, 57),
  (294, 32, 81),
  (294, 30, 88),
  (294, 11, 74),
  (295, 91, 52),
  (295, 17, 61),
  (295, 99, 53),
  (295, 57, 89),
  (295, 29, 79),
  (295, 43, 88),
  (296, 62, 63),
  (296, 17, 93),
  (296, 29, 96),
  (296, 98, 72),
  (296, 44, 50),
  (297, 3, 80),
  (297, 12, 52),
  (297, 40, 50),
  (297, 78, 68),
  (298, 78, 50),
  (298, 60, 57),
  (298, 89, 50),
  (299, 91, 72),
  (299, 49, 63),
  (299, 57, 81),
  (299, 88, 72),
  (299, 29, 99),
  (300, 65, 89),
  (300, 32, 92),
  (300, 31, 66),
  (300, 83, 91),
  (300, 4, 89),
  (301, 2, 88),
  (301, 94, 67),
  (301, 56, 82),
  (301, 12, 88),
  (301, 4, 76),
  (302, 91, 70),
  (302, 85, 94),
  (302, 84, 74),
  (302, 23, 62),
  (303, 97, 75),
  (303, 6, 81),
  (303, 18, 57),
  (303, 67, 94),
  (304, 81, 51),
  (304, 15, 77),
  (304, 53, 53),
  (304, 52, 51),
  (304, 23, 57),
  (304, 49, 54),
  (305, 77, 72),
  (305, 86, 57),
  (305, 41, 97),
  (305, 91, 83),
  (305, 67, 51),
  (306, 16, 82),
  (306, 19, 66),
  (306, 91, 84),
  (306, 64, 61),
  (307, 10, 90),
  (307, 57, 73),
  (307, 52, 69),
  (308, 58, 91),
  (308, 70, 68),
  (308, 85, 93),
  (309, 28, 60),
  (309, 1, 77),
  (309, 65, 88),
  (309, 100, 61),
  (309, 41, 100),
  (310, 39, 98),
  (310, 70, 54),
  (310, 48, 77),
  (310, 23, 82),
  (310, 11, 61),
  (311, 56, 78),
  (311, 97, 60),
  (311, 99, 50),
  (311, 6, 81),
  (312, 68, 83),
  (312, 57, 91),
  (312, 9, 65),
  (312, 81, 68),
  (312, 77, 66),
  (312, 12, 86),
  (313, 8, 50),
  (313, 91, 50),
  (313, 4, 55),
  (313, 32, 88),
  (313, 100, 88),
  (313, 90, 100),
  (314, 55, 95),
  (314, 41, 70),
  (314, 12, 50),
  (314, 93, 60),
  (314, 59, 89),
  (314, 24, 68),
  (315, 40, 61),
  (315, 25, 50),
  (315, 47, 57),
  (316, 46, 54),
  (316, 82, 61),
  (316, 61, 51),
  (316, 10, 89),
  (317, 15, 52),
  (317, 87, 66),
  (317, 68, 55),
  (318, 55, 76),
  (318, 97, 51),
  (318, 75, 73),
  (318, 95, 88),
  (319, 51, 67),
  (319, 17, 73),
  (319, 5, 74),
  (319, 94, 61),
  (319, 91, 94),
  (319, 64, 86),
  (320, 93, 86),
  (320, 41, 75),
  (320, 61, 78),
  (321, 5, 64),
  (321, 7, 74),
  (321, 23, 89),
  (321, 49, 51),
  (322, 94, 94),
  (322, 35, 63),
  (322, 100, 62),
  (322, 61, 89),
  (322, 56, 57),
  (322, 84, 51),
  (323, 85, 99),
  (323, 95, 67),
  (323, 86, 59),
  (324, 96, 68),
  (324, 63, 55),
  (324, 51, 71),
  (324, 71, 87),
  (324, 80, 90),
  (324, 74, 93),
  (325, 67, 98),
  (325, 5, 100),
  (325, 3, 69),
  (325, 36, 56),
  (325, 22, 95),
  (325, 4, 62),
  (326, 31, 80),
  (326, 95, 91),
  (326, 2, 81),
  (327, 98, 65),
  (327, 81, 95),
  (327, 93, 55),
  (327, 19, 85),
  (328, 17, 98),
  (328, 54, 83),
  (328, 40, 68),
  (328, 18, 97),
  (328, 20, 75),
  (328, 60, 91),
  (329, 51, 70),
  (329, 58, 64),
  (329, 8, 89),
  (329, 22, 89),
  (329, 19, 96),
  (330, 24, 59),
  (330, 45, 72),
  (330, 56, 63),
  (331, 66, 59),
  (331, 59, 58),
  (331, 76, 87),
  (331, 87, 54),
  (331, 49, 72),
  (332, 29, 83),
  (332, 63, 69),
  (332, 84, 70),
  (333, 63, 97),
  (333, 7, 57),
  (333, 9, 52),
  (333, 39, 59),
  (333, 69, 63),
  (334, 1, 57),
  (334, 89, 55),
  (334, 51, 69),
  (334, 93, 90),
  (334, 80, 100),
  (334, 20, 58),
  (335, 66, 96),
  (335, 22, 84),
  (335, 61, 76),
  (336, 86, 83),
  (336, 25, 76),
  (336, 51, 78),
  (336, 52, 58),
  (336, 54, 85),
  (336, 13, 63),
  (337, 85, 59),
  (337, 31, 98),
  (337, 87, 100),
  (337, 72, 57),
  (337, 77, 98),
  (338, 65, 79),
  (338, 76, 64),
  (338, 19, 100),
  (338, 58, 91),
  (339, 10, 86),
  (339, 13, 82),
  (339, 64, 88),
  (340, 43, 77),
  (340, 73, 74),
  (340, 4, 68),
  (340, 88, 76),
  (340, 26, 97),
  (341, 88, 65),
  (341, 42, 73),
  (341, 53, 92),
  (342, 50, 75),
  (342, 58, 97),
  (342, 13, 56),
  (342, 68, 69),
  (343, 18, 93),
  (343, 9, 62),
  (343, 68, 71),
  (343, 81, 79),
  (344, 16, 71),
  (344, 56, 78),
  (344, 66, 73),
  (345, 78, 96),
  (345, 68, 56),
  (345, 73, 73),
  (345, 15, 78),
  (346, 50, 57),
  (346, 77, 63),
  (346, 21, 91),
  (346, 47, 90),
  (346, 52, 50),
  (347, 46, 98),
  (347, 22, 53),
  (347, 23, 92),
  (348, 17, 94),
  (348, 44, 53),
  (348, 45, 90),
  (348, 98, 56),
  (348, 10, 80),
  (348, 81, 50),
  (349, 68, 72),
  (349, 87, 80),
  (349, 74, 81),
  (350, 71, 57),
  (350, 67, 77),
  (350, 29, 61),
  (351, 98, 52),
  (351, 46, 98),
  (351, 45, 73),
  (351, 11, 78),
  (351, 41, 75),
  (351, 93, 50),
  (352, 93, 78),
  (352, 96, 81),
  (352, 30, 56),
  (353, 95, 93),
  (353, 58, 60),
  (353, 11, 85),
  (353, 40, 66),
  (354, 74, 79),
  (354, 88, 70),
  (354, 8, 94),
  (354, 87, 95),
  (354, 46, 83),
  (354, 62, 70),
  (355, 23, 55),
  (355, 41, 78),
  (355, 40, 59),
  (355, 1, 53),
  (356, 59, 96),
  (356, 87, 82),
  (356, 2, 97),
  (356, 41, 57),
  (356, 89, 100),
  (357, 19, 74),
  (357, 62, 50),
  (357, 59, 84),
  (357, 15, 100),
  (358, 55, 75),
  (358, 90, 64),
  (358, 51, 86),
  (358, 8, 65),
  (358, 43, 60),
  (358, 100, 71),
  (359, 61, 59),
  (359, 87, 67),
  (359, 48, 56),
  (359, 7, 75),
  (359, 32, 96),
  (359, 1, 79),
  (360, 76, 64),
  (360, 74, 99),
  (360, 69, 80),
  (360, 41, 76),
  (361, 55, 59),
  (361, 10, 52),
  (361, 71, 69),
  (361, 34, 96),
  (361, 85, 95),
  (361, 45, 75),
  (362, 50, 85),
  (362, 32, 65),
  (362, 77, 56),
  (362, 3, 95),
  (362, 55, 57),
  (363, 67, 100),
  (363, 54, 58),
  (363, 74, 87),
  (363, 64, 73),
  (364, 71, 53),
  (364, 83, 52),
  (364, 21, 63),
  (364, 78, 66),
  (365, 93, 97),
  (365, 52, 83),
  (365, 29, 79),
  (366, 20, 77),
  (366, 59, 71),
  (366, 56, 79),
  (366, 42, 62),
  (366, 28, 59),
  (366, 93, 58),
  (367, 40, 88),
  (367, 99, 84),
  (367, 63, 51),
  (368, 24, 93),
  (368, 85, 84),
  (368, 7, 63),
  (368, 19, 63),
  (368, 14, 78),
  (369, 74, 71),
  (369, 96, 92),
  (369, 17, 93),
  (369, 78, 56),
  (370, 66, 83),
  (370, 97, 82),
  (370, 33, 70),
  (370, 76, 72),
  (370, 26, 81),
  (371, 13, 73),
  (371, 60, 89),
  (371, 73, 65),
  (371, 70, 100),
  (371, 1, 87),
  (371, 43, 76),
  (372, 86, 97),
  (372, 9, 92),
  (372, 17, 72),
  (373, 64, 60),
  (373, 93, 67),
  (373, 71, 81),
  (373, 49, 87),
  (373, 73, 89),
  (374, 40, 59),
  (374, 78, 54),
  (374, 76, 72),
  (374, 87, 61),
  (375, 4, 92),
  (375, 1, 70),
  (375, 5, 62),
  (376, 2, 52),
  (376, 38, 85),
  (376, 6, 59),
  (376, 41, 73),
  (376, 30, 78),
  (377, 89, 85),
  (377, 39, 93),
  (377, 77, 73),
  (377, 34, 65),
  (377, 78, 55),
  (377, 74, 87),
  (378, 25, 76),
  (378, 78, 86),
  (378, 6, 64),
  (379, 72, 56),
  (379, 39, 95),
  (379, 78, 60),
  (380, 87, 99),
  (380, 26, 95),
  (380, 82, 94),
  (380, 50, 68),
  (381, 69, 58),
  (381, 38, 94),
  (381, 31, 50),
  (381, 50, 56),
  (381, 35, 62),
  (382, 64, 82),
  (382, 27, 67),
  (382, 72, 61),
  (383, 3, 97),
  (383, 63, 60),
  (383, 62, 66),
  (384, 62, 70),
  (384, 6, 99),
  (384, 24, 52),
  (385, 61, 92),
  (385, 12, 90),
  (385, 5, 71),
  (386, 61, 79),
  (386, 22, 77),
  (386, 81, 80),
  (386, 86, 66),
  (386, 6, 58),
  (386, 33, 71),
  (387, 84, 60),
  (387, 83, 96),
  (387, 37, 52),
  (387, 1, 66),
  (387, 87, 56),
  (387, 5, 61),
  (388, 19, 93),
  (388, 89, 54),
  (388, 64, 75),
  (388, 34, 100),
  (388, 35, 55),
  (389, 73, 93),
  (389, 56, 66),
  (389, 48, 57),
  (390, 44, 80),
  (390, 89, 99),
  (390, 4, 92),
  (391, 45, 85),
  (391, 5, 98),
  (391, 9, 87),
  (391, 50, 68),
  (392, 89, 82),
  (392, 23, 74),
  (392, 88, 98),
  (392, 11, 56),
  (392, 84, 83),
  (393, 86, 75),
  (393, 60, 57),
  (393, 82, 85),
  (393, 51, 92),
  (394, 50, 64),
  (394, 99, 73),
  (394, 94, 79),
  (394, 31, 71),
  (395, 90, 64),
  (395, 41, 96),
  (395, 13, 82),
  (396, 37, 57),
  (396, 74, 96),
  (396, 6, 77),
  (396, 34, 69),
  (396, 58, 78),
  (397, 82, 63),
  (397, 23, 72),
  (397, 77, 60),
  (398, 92, 76),
  (398, 70, 85),
  (398, 80, 68),
  (399, 98, 63),
  (399, 99, 86),
  (399, 94, 76),
  (399, 61, 64),
  (399, 1, 65),
  (400, 62, 59),
  (400, 42, 99),
  (400, 8, 97),
  (400, 11, 51);

INSERT INTO tutor_availability (tutor_availability_id, tutor_id, start_time, end_time) VALUES
  (1, 1, '2025-01-11 16:00:00', '2025-01-11 20:30:00'),
  (2, 1, '2025-01-31 11:00:00', '2025-01-31 14:30:00'),
  (3, 1, '2025-01-15 15:30:00', '2025-01-15 18:30:00'),
  (4, 1, '2025-01-12 09:15:00', '2025-01-12 12:45:00'),
  (5, 1, '2025-02-16 08:45:00', '2025-02-16 11:45:00'),
  (6, 1, '2025-03-01 15:00:00', '2025-03-01 19:30:00'),
  (7, 1, '2025-01-01 09:00:00', '2025-01-01 13:00:00'),
  (8, 1, '2025-03-01 19:30:00', '2025-03-01 23:30:00'),
  (9, 2, '2025-01-21 15:00:00', '2025-01-21 18:30:00'),
  (10, 2, '2025-01-05 19:00:00', '2025-01-05 23:00:00'),
  (11, 2, '2025-01-05 09:30:00', '2025-01-05 12:30:00'),
  (12, 2, '2025-01-07 08:00:00', '2025-01-07 11:30:00'),
  (13, 2, '2025-02-19 10:00:00', '2025-02-19 13:00:00'),
  (14, 2, '2025-01-14 19:00:00', '2025-01-15 00:00:00'),
  (15, 2, '2025-02-24 16:30:00', '2025-02-24 21:30:00'),
  (16, 2, '2025-02-05 08:30:00', '2025-02-05 12:30:00'),
  (17, 3, '2025-02-22 17:30:00', '2025-02-22 21:00:00'),
  (18, 3, '2025-01-01 16:00:00', '2025-01-01 19:30:00'),
  (19, 3, '2025-01-30 14:15:00', '2025-01-30 18:15:00'),
  (20, 3, '2025-01-30 18:15:00', '2025-01-30 21:15:00'),
  (21, 3, '2025-01-15 09:30:00', '2025-01-15 14:00:00'),
  (22, 3, '2025-01-06 15:15:00', '2025-01-06 20:15:00'),
  (23, 3, '2025-02-15 16:00:00', '2025-02-15 20:30:00'),
  (24, 3, '2025-01-26 16:00:00', '2025-01-26 19:00:00'),
  (25, 4, '2025-02-27 08:45:00', '2025-02-27 12:45:00'),
  (26, 4, '2025-01-19 12:00:00', '2025-01-19 17:00:00'),
  (27, 4, '2025-02-01 13:45:00', '2025-02-01 18:45:00'),
  (28, 4, '2025-01-06 19:15:00', '2025-01-06 23:45:00'),
  (29, 4, '2025-02-27 16:00:00', '2025-02-27 21:00:00'),
  (30, 4, '2025-02-17 19:15:00', '2025-02-18 00:15:00'),
  (31, 4, '2025-02-16 19:00:00', '2025-02-16 22:00:00'),
  (32, 4, '2025-02-12 08:45:00', '2025-02-12 12:15:00'),
  (33, 5, '2025-02-11 18:00:00', '2025-02-11 22:30:00'),
  (34, 5, '2025-01-04 08:00:00', '2025-01-04 11:00:00'),
  (35, 5, '2025-01-15 13:45:00', '2025-01-15 17:15:00'),
  (36, 5, '2025-02-10 12:45:00', '2025-02-10 16:45:00'),
  (37, 5, '2025-01-07 15:15:00', '2025-01-07 18:15:00'),
  (38, 5, '2025-01-29 17:15:00', '2025-01-29 20:45:00'),
  (39, 5, '2025-02-07 18:00:00', '2025-02-07 21:30:00'),
  (40, 5, '2025-01-08 08:15:00', '2025-01-08 11:45:00'),
  (41, 6, '2025-03-01 19:00:00', '2025-03-01 22:30:00'),
  (42, 6, '2025-02-25 18:00:00', '2025-02-25 22:30:00'),
  (43, 6, '2025-01-27 14:30:00', '2025-01-27 19:00:00'),
  (44, 6, '2025-02-23 10:00:00', '2025-02-23 13:30:00'),
  (45, 6, '2025-01-13 11:45:00', '2025-01-13 16:45:00'),
  (46, 6, '2025-02-09 11:15:00', '2025-02-09 15:15:00'),
  (47, 6, '2025-01-19 16:15:00', '2025-01-19 19:45:00'),
  (48, 6, '2025-03-01 13:30:00', '2025-03-01 16:30:00'),
  (49, 7, '2025-01-14 11:00:00', '2025-01-14 14:30:00'),
  (50, 7, '2025-01-22 19:30:00', '2025-01-22 23:30:00'),
  (51, 7, '2025-02-17 11:30:00', '2025-02-17 14:30:00'),
  (52, 7, '2025-01-09 12:15:00', '2025-01-09 15:45:00'),
  (53, 7, '2025-02-12 08:15:00', '2025-02-12 11:15:00'),
  (54, 7, '2025-01-25 18:00:00', '2025-01-25 22:30:00'),
  (55, 7, '2025-01-03 09:30:00', '2025-01-03 14:30:00'),
  (56, 7, '2025-02-20 14:15:00', '2025-02-20 17:15:00'),
  (57, 8, '2025-01-29 10:00:00', '2025-01-29 14:00:00'),
  (58, 8, '2025-02-14 08:00:00', '2025-02-14 12:00:00'),
  (59, 8, '2025-02-10 13:45:00', '2025-02-10 17:15:00'),
  (60, 8, '2025-01-14 18:00:00', '2025-01-14 21:00:00'),
  (61, 8, '2025-01-16 09:00:00', '2025-01-16 13:00:00'),
  (62, 8, '2025-02-06 15:15:00', '2025-02-06 18:45:00'),
  (63, 8, '2025-01-07 12:15:00', '2025-01-07 16:45:00'),
  (64, 8, '2025-02-07 10:30:00', '2025-02-07 15:30:00'),
  (65, 9, '2025-01-10 12:45:00', '2025-01-10 17:45:00'),
  (66, 9, '2025-01-16 08:45:00', '2025-01-16 13:45:00'),
  (67, 9, '2025-01-04 17:15:00', '2025-01-04 20:45:00'),
  (68, 9, '2025-02-25 10:15:00', '2025-02-25 14:15:00'),
  (69, 9, '2025-02-13 10:00:00', '2025-02-13 13:30:00'),
  (70, 9, '2025-01-16 18:30:00', '2025-01-16 23:30:00'),
  (71, 9, '2025-01-17 11:15:00', '2025-01-17 14:15:00'),
  (72, 9, '2025-02-01 19:30:00', '2025-02-01 22:30:00'),
  (73, 10, '2025-01-25 13:30:00', '2025-01-25 18:00:00'),
  (74, 10, '2025-01-06 19:00:00', '2025-01-06 23:30:00'),
  (75, 10, '2025-01-15 09:00:00', '2025-01-15 13:00:00'),
  (76, 10, '2025-02-26 19:15:00', '2025-02-26 23:15:00'),
  (77, 10, '2025-01-21 10:45:00', '2025-01-21 15:45:00'),
  (78, 10, '2025-02-17 13:00:00', '2025-02-17 18:00:00'),
  (79, 10, '2025-02-19 16:30:00', '2025-02-19 19:30:00'),
  (80, 10, '2025-02-06 18:00:00', '2025-02-06 22:30:00'),
  (81, 11, '2025-02-12 08:15:00', '2025-02-12 12:45:00'),
  (82, 11, '2025-01-27 12:00:00', '2025-01-27 17:00:00'),
  (83, 11, '2025-02-11 19:30:00', '2025-02-11 23:30:00'),
  (84, 11, '2025-01-26 10:45:00', '2025-01-26 14:15:00'),
  (85, 11, '2025-01-02 19:30:00', '2025-01-02 23:30:00'),
  (86, 11, '2025-01-29 11:30:00', '2025-01-29 15:00:00'),
  (87, 11, '2025-02-23 19:45:00', '2025-02-24 00:45:00'),
  (88, 11, '2025-01-23 10:45:00', '2025-01-23 14:45:00'),
  (89, 12, '2025-01-09 16:45:00', '2025-01-09 20:15:00'),
  (90, 12, '2025-02-23 16:45:00', '2025-02-23 20:15:00'),
  (91, 12, '2025-01-27 16:15:00', '2025-01-27 19:15:00'),
  (92, 12, '2025-02-26 17:00:00', '2025-02-26 21:30:00'),
  (93, 12, '2025-02-02 14:00:00', '2025-02-02 18:00:00'),
  (94, 12, '2025-01-21 17:30:00', '2025-01-21 21:30:00'),
  (95, 12, '2025-01-13 12:15:00', '2025-01-13 16:45:00'),
  (96, 12, '2025-01-07 11:45:00', '2025-01-07 16:45:00'),
  (97, 13, '2025-02-16 16:45:00', '2025-02-16 19:45:00'),
  (98, 13, '2025-02-12 14:00:00', '2025-02-12 19:00:00'),
  (99, 13, '2025-03-02 10:30:00', '2025-03-02 14:00:00'),
  (100, 13, '2025-01-26 12:30:00', '2025-01-26 16:30:00'),
  (101, 13, '2025-01-10 09:00:00', '2025-01-10 13:30:00'),
  (102, 13, '2025-02-05 18:00:00', '2025-02-05 21:30:00'),
  (103, 13, '2025-02-15 15:30:00', '2025-02-15 19:00:00'),
  (104, 13, '2025-02-06 09:45:00', '2025-02-06 13:45:00'),
  (105, 14, '2025-01-13 10:45:00', '2025-01-13 15:45:00'),
  (106, 14, '2025-01-08 12:15:00', '2025-01-08 16:45:00'),
  (107, 14, '2025-01-28 13:00:00', '2025-01-28 17:30:00'),
  (108, 14, '2025-01-02 09:15:00', '2025-01-02 12:15:00'),
  (109, 14, '2025-02-06 18:45:00', '2025-02-06 22:15:00'),
  (110, 14, '2025-01-08 11:30:00', '2025-01-08 15:30:00'),
  (111, 14, '2025-02-16 08:45:00', '2025-02-16 12:45:00'),
  (112, 14, '2025-01-21 14:45:00', '2025-01-21 18:45:00'),
  (113, 15, '2025-02-10 13:30:00', '2025-02-10 17:00:00'),
  (114, 15, '2025-02-16 13:15:00', '2025-02-16 17:45:00'),
  (115, 15, '2025-01-18 17:30:00', '2025-01-18 21:30:00'),
  (116, 15, '2025-01-10 12:30:00', '2025-01-10 15:30:00'),
  (117, 15, '2025-02-01 14:15:00', '2025-02-01 18:45:00'),
  (118, 15, '2025-01-16 09:00:00', '2025-01-16 13:30:00'),
  (119, 15, '2025-02-01 09:00:00', '2025-02-01 12:00:00'),
  (120, 15, '2025-02-23 11:45:00', '2025-02-23 14:45:00'),
  (121, 16, '2025-02-12 15:15:00', '2025-02-12 18:45:00'),
  (122, 16, '2025-02-15 14:00:00', '2025-02-15 18:00:00'),
  (123, 16, '2025-01-25 15:15:00', '2025-01-25 18:15:00'),
  (124, 16, '2025-01-16 10:30:00', '2025-01-16 14:00:00'),
  (125, 16, '2025-02-27 11:45:00', '2025-02-27 14:45:00'),
  (126, 16, '2025-02-20 19:15:00', '2025-02-20 23:15:00'),
  (127, 16, '2025-02-15 15:30:00', '2025-02-15 19:00:00'),
  (128, 16, '2025-03-02 12:15:00', '2025-03-02 16:45:00'),
  (129, 17, '2025-01-11 08:15:00', '2025-01-11 12:45:00'),
  (130, 17, '2025-01-25 09:00:00', '2025-01-25 12:00:00'),
  (131, 17, '2025-01-09 12:15:00', '2025-01-09 16:15:00'),
  (132, 17, '2025-02-25 12:00:00', '2025-02-25 16:30:00'),
  (133, 17, '2025-02-20 13:00:00', '2025-02-20 18:00:00'),
  (134, 17, '2025-02-24 18:45:00', '2025-02-24 22:45:00'),
  (135, 17, '2025-01-27 19:30:00', '2025-01-27 23:00:00'),
  (136, 17, '2025-02-26 09:00:00', '2025-02-26 14:00:00'),
  (137, 18, '2025-01-30 17:00:00', '2025-01-30 20:00:00'),
  (138, 18, '2025-01-12 09:45:00', '2025-01-12 14:45:00'),
  (139, 18, '2025-02-19 19:30:00', '2025-02-19 23:00:00'),
  (140, 18, '2025-02-22 11:00:00', '2025-02-22 16:00:00'),
  (141, 18, '2025-02-25 11:15:00', '2025-02-25 16:15:00'),
  (142, 18, '2025-01-17 12:30:00', '2025-01-17 15:30:00'),
  (143, 18, '2025-01-28 17:15:00', '2025-01-28 21:15:00'),
  (144, 18, '2025-02-02 12:15:00', '2025-02-02 15:15:00'),
  (145, 19, '2025-01-10 14:00:00', '2025-01-10 17:30:00'),
  (146, 19, '2025-02-18 08:45:00', '2025-02-18 13:15:00'),
  (147, 19, '2025-01-03 12:45:00', '2025-01-03 16:45:00'),
  (148, 19, '2025-01-01 17:15:00', '2025-01-01 22:15:00'),
  (149, 19, '2025-02-22 10:00:00', '2025-02-22 13:30:00'),
  (150, 19, '2025-01-01 16:15:00', '2025-01-01 20:15:00'),
  (151, 19, '2025-01-15 16:30:00', '2025-01-15 21:00:00'),
  (152, 19, '2025-02-19 18:30:00', '2025-02-19 22:30:00'),
  (153, 20, '2025-01-31 10:30:00', '2025-01-31 14:30:00'),
  (154, 20, '2025-01-24 13:00:00', '2025-01-24 17:30:00'),
  (155, 20, '2025-02-23 09:00:00', '2025-02-23 14:00:00'),
  (156, 20, '2025-01-23 15:15:00', '2025-01-23 20:15:00'),
  (157, 20, '2025-02-05 08:30:00', '2025-02-05 11:30:00'),
  (158, 20, '2025-02-11 18:00:00', '2025-02-11 22:30:00'),
  (159, 20, '2025-01-19 16:15:00', '2025-01-19 19:45:00'),
  (160, 20, '2025-02-04 14:30:00', '2025-02-04 18:00:00'),
  (161, 21, '2025-01-29 13:15:00', '2025-01-29 18:15:00'),
  (162, 21, '2025-01-21 13:30:00', '2025-01-21 16:30:00'),
  (163, 21, '2025-02-27 12:15:00', '2025-02-27 16:45:00'),
  (164, 21, '2025-02-13 16:00:00', '2025-02-13 19:00:00'),
  (165, 21, '2025-02-14 11:45:00', '2025-02-14 16:45:00'),
  (166, 21, '2025-02-25 09:30:00', '2025-02-25 13:30:00'),
  (167, 21, '2025-02-28 13:30:00', '2025-02-28 16:30:00'),
  (168, 21, '2025-02-04 11:00:00', '2025-02-04 15:00:00'),
  (169, 22, '2025-01-14 08:15:00', '2025-01-14 12:45:00'),
  (170, 22, '2025-03-01 15:00:00', '2025-03-01 19:00:00'),
  (171, 22, '2025-01-06 09:30:00', '2025-01-06 14:00:00'),
  (172, 22, '2025-02-17 10:45:00', '2025-02-17 15:15:00'),
  (173, 22, '2025-02-24 18:00:00', '2025-02-24 21:30:00'),
  (174, 22, '2025-02-03 08:45:00', '2025-02-03 13:45:00'),
  (175, 22, '2025-02-13 13:00:00', '2025-02-13 18:00:00'),
  (176, 22, '2025-01-11 17:30:00', '2025-01-11 20:30:00'),
  (177, 23, '2025-01-08 11:15:00', '2025-01-08 16:15:00'),
  (178, 23, '2025-02-23 16:45:00', '2025-02-23 21:45:00'),
  (179, 23, '2025-01-30 08:45:00', '2025-01-30 12:45:00'),
  (180, 23, '2025-02-17 13:15:00', '2025-02-17 18:15:00'),
  (181, 23, '2025-03-01 14:15:00', '2025-03-01 18:45:00'),
  (182, 23, '2025-02-09 10:15:00', '2025-02-09 14:15:00'),
  (183, 23, '2025-01-31 15:30:00', '2025-01-31 19:00:00'),
  (184, 23, '2025-02-11 12:45:00', '2025-02-11 16:45:00'),
  (185, 24, '2025-01-13 19:00:00', '2025-01-13 22:00:00'),
  (186, 24, '2025-01-14 18:15:00', '2025-01-14 22:15:00'),
  (187, 24, '2025-02-01 19:30:00', '2025-02-01 23:00:00'),
  (188, 24, '2025-01-18 19:00:00', '2025-01-18 22:00:00'),
  (189, 24, '2025-01-02 17:15:00', '2025-01-02 21:45:00'),
  (190, 24, '2025-01-21 15:45:00', '2025-01-21 18:45:00'),
  (191, 24, '2025-02-20 18:00:00', '2025-02-20 22:00:00'),
  (192, 24, '2025-02-27 09:00:00', '2025-02-27 12:00:00'),
  (193, 25, '2025-01-21 11:00:00', '2025-01-21 14:30:00'),
  (194, 25, '2025-02-01 17:00:00', '2025-02-01 21:30:00'),
  (195, 25, '2025-02-15 16:30:00', '2025-02-15 20:00:00'),
  (196, 25, '2025-01-10 08:15:00', '2025-01-10 12:15:00'),
  (197, 25, '2025-01-04 17:30:00', '2025-01-04 22:30:00'),
  (198, 25, '2025-01-09 08:30:00', '2025-01-09 13:30:00'),
  (199, 25, '2025-01-01 18:45:00', '2025-01-01 23:15:00'),
  (200, 25, '2025-01-25 17:45:00', '2025-01-25 22:15:00'),
  (201, 26, '2025-01-26 08:00:00', '2025-01-26 12:00:00'),
  (202, 26, '2025-02-11 15:45:00', '2025-02-11 18:45:00'),
  (203, 26, '2025-01-07 13:45:00', '2025-01-07 18:15:00'),
  (204, 26, '2025-02-08 13:30:00', '2025-02-08 17:30:00'),
  (205, 26, '2025-01-06 12:45:00', '2025-01-06 17:15:00'),
  (206, 26, '2025-02-12 13:45:00', '2025-02-12 18:15:00'),
  (207, 26, '2025-01-17 16:45:00', '2025-01-17 20:45:00'),
  (208, 26, '2025-01-08 17:00:00', '2025-01-08 21:00:00'),
  (209, 27, '2025-01-01 12:15:00', '2025-01-01 17:15:00'),
  (210, 27, '2025-02-26 14:30:00', '2025-02-26 17:30:00'),
  (211, 27, '2025-01-03 14:00:00', '2025-01-03 17:00:00'),
  (212, 27, '2025-01-25 10:15:00', '2025-01-25 14:15:00'),
  (213, 27, '2025-02-24 17:15:00', '2025-02-24 21:15:00'),
  (214, 27, '2025-02-14 10:30:00', '2025-02-14 15:00:00'),
  (215, 27, '2025-01-22 14:30:00', '2025-01-22 17:30:00'),
  (216, 27, '2025-01-11 18:30:00', '2025-01-11 23:30:00'),
  (217, 28, '2025-01-21 15:15:00', '2025-01-21 20:15:00'),
  (218, 28, '2025-02-21 15:30:00', '2025-02-21 20:30:00'),
  (219, 28, '2025-01-22 18:30:00', '2025-01-22 22:00:00'),
  (220, 28, '2025-01-19 15:00:00', '2025-01-19 18:30:00'),
  (221, 28, '2025-01-24 19:00:00', '2025-01-24 23:00:00'),
  (222, 28, '2025-02-25 11:45:00', '2025-02-25 16:15:00'),
  (223, 28, '2025-01-15 13:00:00', '2025-01-15 17:00:00'),
  (224, 28, '2025-02-02 08:30:00', '2025-02-02 12:00:00'),
  (225, 29, '2025-02-10 16:30:00', '2025-02-10 20:00:00'),
  (226, 29, '2025-01-17 15:00:00', '2025-01-17 18:00:00'),
  (227, 29, '2025-02-19 09:30:00', '2025-02-19 14:00:00'),
  (228, 29, '2025-02-10 17:00:00', '2025-02-10 21:30:00'),
  (229, 29, '2025-02-22 16:30:00', '2025-02-22 21:00:00'),
  (230, 29, '2025-01-29 19:30:00', '2025-01-29 23:30:00'),
  (231, 29, '2025-01-28 16:45:00', '2025-01-28 21:45:00'),
  (232, 29, '2025-01-06 12:45:00', '2025-01-06 17:45:00'),
  (233, 30, '2025-02-16 19:45:00', '2025-02-17 00:15:00'),
  (234, 30, '2025-01-07 17:30:00', '2025-01-07 22:30:00'),
  (235, 30, '2025-02-11 19:30:00', '2025-02-11 23:00:00'),
  (236, 30, '2025-01-15 10:00:00', '2025-01-15 14:30:00'),
  (237, 30, '2025-02-28 15:45:00', '2025-02-28 20:45:00'),
  (238, 30, '2025-02-16 13:45:00', '2025-02-16 17:15:00'),
  (239, 30, '2025-03-02 16:15:00', '2025-03-02 20:45:00'),
  (240, 30, '2025-01-05 15:15:00', '2025-01-05 18:15:00'),
  (241, 31, '2025-01-16 12:45:00', '2025-01-16 17:15:00'),
  (242, 31, '2025-02-18 12:45:00', '2025-02-18 15:45:00'),
  (243, 31, '2025-02-20 08:45:00', '2025-02-20 11:45:00'),
  (244, 31, '2025-03-01 13:30:00', '2025-03-01 17:30:00'),
  (245, 31, '2025-01-31 10:15:00', '2025-01-31 14:15:00'),
  (246, 31, '2025-02-11 15:45:00', '2025-02-11 20:15:00'),
  (247, 31, '2025-01-25 19:00:00', '2025-01-26 00:00:00'),
  (248, 31, '2025-02-20 13:00:00', '2025-02-20 17:30:00'),
  (249, 32, '2025-01-27 14:45:00', '2025-01-27 19:45:00'),
  (250, 32, '2025-02-19 17:15:00', '2025-02-19 20:45:00'),
  (251, 32, '2025-03-01 12:00:00', '2025-03-01 15:30:00'),
  (252, 32, '2025-02-19 17:00:00', '2025-02-19 20:30:00'),
  (253, 32, '2025-02-03 12:45:00', '2025-02-03 16:15:00'),
  (254, 32, '2025-01-10 13:15:00', '2025-01-10 18:15:00'),
  (255, 32, '2025-01-01 14:30:00', '2025-01-01 19:30:00'),
  (256, 32, '2025-02-16 14:45:00', '2025-02-16 19:45:00'),
  (257, 33, '2025-01-26 10:45:00', '2025-01-26 14:15:00'),
  (258, 33, '2025-02-26 16:30:00', '2025-02-26 21:00:00'),
  (259, 33, '2025-02-09 16:00:00', '2025-02-09 21:00:00'),
  (260, 33, '2025-01-01 16:15:00', '2025-01-01 19:45:00'),
  (261, 33, '2025-01-16 13:45:00', '2025-01-16 18:45:00'),
  (262, 33, '2025-01-07 14:30:00', '2025-01-07 19:00:00'),
  (263, 33, '2025-01-03 08:45:00', '2025-01-03 13:45:00'),
  (264, 33, '2025-02-18 16:45:00', '2025-02-18 21:45:00'),
  (265, 34, '2025-02-13 12:30:00', '2025-02-13 15:30:00'),
  (266, 34, '2025-01-15 15:15:00', '2025-01-15 20:15:00'),
  (267, 34, '2025-02-22 14:15:00', '2025-02-22 19:15:00'),
  (268, 34, '2025-02-09 12:30:00', '2025-02-09 17:00:00'),
  (269, 34, '2025-01-04 13:15:00', '2025-01-04 16:15:00'),
  (270, 34, '2025-02-08 18:45:00', '2025-02-08 22:15:00'),
  (271, 34, '2025-01-10 19:15:00', '2025-01-10 23:45:00'),
  (272, 34, '2025-02-28 17:45:00', '2025-02-28 20:45:00'),
  (273, 35, '2025-01-19 10:45:00', '2025-01-19 15:15:00'),
  (274, 35, '2025-01-04 19:45:00', '2025-01-04 22:45:00'),
  (275, 35, '2025-03-01 16:30:00', '2025-03-01 20:00:00'),
  (276, 35, '2025-02-19 18:00:00', '2025-02-19 21:00:00'),
  (277, 35, '2025-02-20 17:15:00', '2025-02-20 21:15:00'),
  (278, 35, '2025-02-18 12:00:00', '2025-02-18 15:30:00'),
  (279, 35, '2025-01-11 15:30:00', '2025-01-11 19:00:00'),
  (280, 35, '2025-01-31 15:30:00', '2025-01-31 19:30:00'),
  (281, 36, '2025-02-28 11:00:00', '2025-02-28 15:00:00'),
  (282, 36, '2025-02-05 18:45:00', '2025-02-05 22:15:00'),
  (283, 36, '2025-01-31 17:15:00', '2025-01-31 20:45:00'),
  (284, 36, '2025-01-11 11:00:00', '2025-01-11 15:00:00'),
  (285, 36, '2025-01-12 17:30:00', '2025-01-12 21:00:00'),
  (286, 36, '2025-01-15 13:00:00', '2025-01-15 16:30:00'),
  (287, 36, '2025-01-31 18:30:00', '2025-01-31 23:30:00'),
  (288, 36, '2025-02-22 18:15:00', '2025-02-22 21:45:00'),
  (289, 37, '2025-01-19 16:30:00', '2025-01-19 21:30:00'),
  (290, 37, '2025-01-31 11:00:00', '2025-01-31 14:30:00'),
  (291, 37, '2025-01-26 14:30:00', '2025-01-26 18:00:00'),
  (292, 37, '2025-01-01 12:15:00', '2025-01-01 15:15:00'),
  (293, 37, '2025-01-01 12:15:00', '2025-01-01 17:15:00'),
  (294, 37, '2025-02-14 16:30:00', '2025-02-14 19:30:00'),
  (295, 37, '2025-02-08 19:15:00', '2025-02-08 22:45:00'),
  (296, 37, '2025-01-13 08:30:00', '2025-01-13 12:00:00'),
  (297, 38, '2025-01-19 13:45:00', '2025-01-19 18:15:00'),
  (298, 38, '2025-01-31 08:45:00', '2025-01-31 13:45:00'),
  (299, 38, '2025-02-07 12:30:00', '2025-02-07 17:30:00'),
  (300, 38, '2025-02-26 16:30:00', '2025-02-26 20:00:00'),
  (301, 38, '2025-03-02 08:30:00', '2025-03-02 11:30:00'),
  (302, 38, '2025-01-02 13:30:00', '2025-01-02 17:30:00'),
  (303, 38, '2025-01-01 14:15:00', '2025-01-01 17:45:00'),
  (304, 38, '2025-02-28 14:00:00', '2025-02-28 18:00:00'),
  (305, 39, '2025-01-30 15:45:00', '2025-01-30 20:15:00'),
  (306, 39, '2025-02-16 16:00:00', '2025-02-16 20:00:00'),
  (307, 39, '2025-01-06 09:00:00', '2025-01-06 13:00:00'),
  (308, 39, '2025-02-17 08:00:00', '2025-02-17 11:30:00'),
  (309, 39, '2025-01-07 19:00:00', '2025-01-07 23:00:00'),
  (310, 39, '2025-01-02 13:30:00', '2025-01-02 18:30:00'),
  (311, 39, '2025-01-13 19:00:00', '2025-01-13 23:30:00'),
  (312, 39, '2025-02-22 19:00:00', '2025-02-22 23:30:00'),
  (313, 40, '2025-01-25 18:00:00', '2025-01-25 21:00:00'),
  (314, 40, '2025-01-31 14:00:00', '2025-01-31 17:00:00'),
  (315, 40, '2025-01-23 17:00:00', '2025-01-23 20:00:00'),
  (316, 40, '2025-02-22 13:45:00', '2025-02-22 17:45:00'),
  (317, 40, '2025-01-30 08:00:00', '2025-01-30 13:00:00'),
  (318, 40, '2025-02-12 08:00:00', '2025-02-12 12:00:00'),
  (319, 40, '2025-01-07 11:45:00', '2025-01-07 14:45:00'),
  (320, 40, '2025-01-03 11:45:00', '2025-01-03 16:15:00'),
  (321, 41, '2025-02-13 09:30:00', '2025-02-13 13:00:00'),
  (322, 41, '2025-01-23 13:00:00', '2025-01-23 17:30:00'),
  (323, 41, '2025-02-10 10:45:00', '2025-02-10 14:15:00'),
  (324, 41, '2025-01-26 19:00:00', '2025-01-27 00:00:00'),
  (325, 41, '2025-02-20 19:45:00', '2025-02-20 23:15:00'),
  (326, 41, '2025-01-02 09:30:00', '2025-01-02 12:30:00'),
  (327, 41, '2025-02-01 17:00:00', '2025-02-01 22:00:00'),
  (328, 41, '2025-01-16 18:45:00', '2025-01-16 23:15:00'),
  (329, 42, '2025-01-21 19:15:00', '2025-01-22 00:15:00'),
  (330, 42, '2025-01-14 17:15:00', '2025-01-14 20:45:00'),
  (331, 42, '2025-01-02 12:45:00', '2025-01-02 16:45:00'),
  (332, 42, '2025-01-22 19:00:00', '2025-01-22 22:30:00'),
  (333, 42, '2025-01-23 18:45:00', '2025-01-23 23:15:00'),
  (334, 42, '2025-02-26 15:45:00', '2025-02-26 18:45:00'),
  (335, 42, '2025-01-26 12:45:00', '2025-01-26 15:45:00'),
  (336, 42, '2025-02-04 15:30:00', '2025-02-04 19:30:00'),
  (337, 43, '2025-01-13 08:30:00', '2025-01-13 13:00:00'),
  (338, 43, '2025-02-25 12:45:00', '2025-02-25 17:45:00'),
  (339, 43, '2025-01-11 08:15:00', '2025-01-11 11:15:00'),
  (340, 43, '2025-01-18 12:00:00', '2025-01-18 15:30:00'),
  (341, 43, '2025-01-21 11:15:00', '2025-01-21 16:15:00'),
  (342, 43, '2025-01-07 08:45:00', '2025-01-07 12:15:00'),
  (343, 43, '2025-01-21 17:00:00', '2025-01-21 21:00:00'),
  (344, 43, '2025-01-11 08:00:00', '2025-01-11 11:30:00'),
  (345, 44, '2025-02-25 11:45:00', '2025-02-25 15:45:00'),
  (346, 44, '2025-01-12 15:45:00', '2025-01-12 19:45:00'),
  (347, 44, '2025-01-24 11:15:00', '2025-01-24 15:45:00'),
  (348, 44, '2025-01-04 12:15:00', '2025-01-04 16:15:00'),
  (349, 44, '2025-02-11 17:30:00', '2025-02-11 20:30:00'),
  (350, 44, '2025-01-29 08:15:00', '2025-01-29 12:15:00'),
  (351, 44, '2025-02-08 08:30:00', '2025-02-08 13:30:00'),
  (352, 44, '2025-01-10 17:45:00', '2025-01-10 21:15:00'),
  (353, 45, '2025-02-05 14:45:00', '2025-02-05 19:15:00'),
  (354, 45, '2025-01-27 08:30:00', '2025-01-27 12:00:00'),
  (355, 45, '2025-02-04 19:45:00', '2025-02-04 22:45:00'),
  (356, 45, '2025-01-28 19:30:00', '2025-01-28 23:00:00'),
  (357, 45, '2025-03-01 14:30:00', '2025-03-01 19:00:00'),
  (358, 45, '2025-02-26 14:45:00', '2025-02-26 19:15:00'),
  (359, 45, '2025-02-24 18:00:00', '2025-02-24 22:00:00'),
  (360, 45, '2025-01-15 12:30:00', '2025-01-15 16:00:00'),
  (361, 46, '2025-01-28 16:30:00', '2025-01-28 20:00:00'),
  (362, 46, '2025-02-27 14:30:00', '2025-02-27 19:30:00'),
  (363, 46, '2025-01-18 14:45:00', '2025-01-18 17:45:00'),
  (364, 46, '2025-01-18 09:45:00', '2025-01-18 14:45:00'),
  (365, 46, '2025-02-25 08:30:00', '2025-02-25 13:00:00'),
  (366, 46, '2025-02-24 19:30:00', '2025-02-24 23:00:00'),
  (367, 46, '2025-01-23 18:45:00', '2025-01-23 22:15:00'),
  (368, 46, '2025-01-03 12:00:00', '2025-01-03 17:00:00'),
  (369, 47, '2025-01-03 13:30:00', '2025-01-03 17:00:00'),
  (370, 47, '2025-02-24 15:30:00', '2025-02-24 20:30:00'),
  (371, 47, '2025-02-03 16:30:00', '2025-02-03 20:00:00'),
  (372, 47, '2025-01-14 18:30:00', '2025-01-14 21:30:00'),
  (373, 47, '2025-02-02 11:15:00', '2025-02-02 14:15:00'),
  (374, 47, '2025-01-19 10:30:00', '2025-01-19 13:30:00'),
  (375, 47, '2025-02-13 10:30:00', '2025-02-13 14:30:00'),
  (376, 47, '2025-02-06 10:45:00', '2025-02-06 15:15:00'),
  (377, 48, '2025-02-13 13:30:00', '2025-02-13 18:00:00'),
  (378, 48, '2025-02-21 18:00:00', '2025-02-21 22:30:00'),
  (379, 48, '2025-01-25 18:00:00', '2025-01-25 22:30:00'),
  (380, 48, '2025-01-06 11:00:00', '2025-01-06 15:30:00'),
  (381, 48, '2025-02-17 15:30:00', '2025-02-17 20:00:00'),
  (382, 48, '2025-01-02 17:15:00', '2025-01-02 21:45:00'),
  (383, 48, '2025-01-23 10:15:00', '2025-01-23 15:15:00'),
  (384, 48, '2025-02-10 11:15:00', '2025-02-10 15:15:00'),
  (385, 49, '2025-01-29 14:30:00', '2025-01-29 18:00:00'),
  (386, 49, '2025-02-05 19:45:00', '2025-02-05 22:45:00'),
  (387, 49, '2025-02-14 16:30:00', '2025-02-14 21:30:00'),
  (388, 49, '2025-02-01 19:00:00', '2025-02-02 00:00:00'),
  (389, 49, '2025-02-16 18:30:00', '2025-02-16 22:00:00'),
  (390, 49, '2025-01-15 16:15:00', '2025-01-15 20:45:00'),
  (391, 49, '2025-02-06 09:45:00', '2025-02-06 13:15:00'),
  (392, 49, '2025-02-24 17:15:00', '2025-02-24 22:15:00'),
  (393, 50, '2025-01-27 09:15:00', '2025-01-27 13:45:00'),
  (394, 50, '2025-02-28 15:45:00', '2025-02-28 20:15:00'),
  (395, 50, '2025-01-10 08:45:00', '2025-01-10 11:45:00'),
  (396, 50, '2025-01-07 17:00:00', '2025-01-07 21:00:00'),
  (397, 50, '2025-02-16 16:00:00', '2025-02-16 19:00:00'),
  (398, 50, '2025-02-03 08:45:00', '2025-02-03 13:45:00'),
  (399, 50, '2025-01-13 10:00:00', '2025-01-13 14:00:00'),
  (400, 50, '2025-02-23 11:45:00', '2025-02-23 16:45:00'),
  (401, 51, '2025-01-19 13:30:00', '2025-01-19 18:30:00'),
  (402, 51, '2025-02-14 09:15:00', '2025-02-14 13:15:00'),
  (403, 51, '2025-02-09 17:30:00', '2025-02-09 20:30:00'),
  (404, 51, '2025-02-12 18:45:00', '2025-02-12 23:15:00'),
  (405, 51, '2025-02-17 08:45:00', '2025-02-17 13:15:00'),
  (406, 51, '2025-01-05 15:15:00', '2025-01-05 18:45:00'),
  (407, 51, '2025-01-14 11:30:00', '2025-01-14 14:30:00'),
  (408, 51, '2025-01-24 14:30:00', '2025-01-24 18:00:00'),
  (409, 52, '2025-02-05 16:45:00', '2025-02-05 21:15:00'),
  (410, 52, '2025-02-17 17:45:00', '2025-02-17 22:15:00'),
  (411, 52, '2025-02-09 08:45:00', '2025-02-09 11:45:00'),
  (412, 52, '2025-02-20 19:00:00', '2025-02-20 23:30:00'),
  (413, 52, '2025-01-10 10:15:00', '2025-01-10 14:15:00'),
  (414, 52, '2025-01-02 19:00:00', '2025-01-03 00:00:00'),
  (415, 52, '2025-01-03 10:00:00', '2025-01-03 14:00:00'),
  (416, 52, '2025-01-07 18:30:00', '2025-01-07 22:30:00'),
  (417, 53, '2025-02-26 18:30:00', '2025-02-26 23:30:00'),
  (418, 53, '2025-02-24 10:45:00', '2025-02-24 15:15:00'),
  (419, 53, '2025-02-23 16:15:00', '2025-02-23 20:15:00'),
  (420, 53, '2025-02-28 15:15:00', '2025-02-28 18:45:00'),
  (421, 53, '2025-01-25 16:00:00', '2025-01-25 21:00:00'),
  (422, 53, '2025-01-11 14:45:00', '2025-01-11 18:15:00'),
  (423, 53, '2025-01-21 10:00:00', '2025-01-21 14:00:00'),
  (424, 53, '2025-01-05 19:30:00', '2025-01-05 23:30:00'),
  (425, 54, '2025-01-08 11:15:00', '2025-01-08 14:15:00'),
  (426, 54, '2025-02-01 19:45:00', '2025-02-02 00:45:00'),
  (427, 54, '2025-01-29 14:15:00', '2025-01-29 19:15:00'),
  (428, 54, '2025-01-17 11:45:00', '2025-01-17 16:15:00'),
  (429, 54, '2025-01-06 18:30:00', '2025-01-06 22:00:00'),
  (430, 54, '2025-01-11 13:00:00', '2025-01-11 17:30:00'),
  (431, 54, '2025-02-24 18:30:00', '2025-02-24 22:00:00'),
  (432, 54, '2025-02-06 12:30:00', '2025-02-06 17:30:00'),
  (433, 55, '2025-02-16 08:30:00', '2025-02-16 11:30:00'),
  (434, 55, '2025-01-17 08:45:00', '2025-01-17 11:45:00'),
  (435, 55, '2025-02-20 12:45:00', '2025-02-20 17:15:00'),
  (436, 55, '2025-03-02 15:30:00', '2025-03-02 20:00:00'),
  (437, 55, '2025-01-11 12:00:00', '2025-01-11 16:00:00'),
  (438, 55, '2025-02-27 19:00:00', '2025-02-27 23:00:00'),
  (439, 55, '2025-01-03 12:30:00', '2025-01-03 17:30:00'),
  (440, 55, '2025-01-08 17:00:00', '2025-01-08 20:00:00'),
  (441, 56, '2025-01-06 12:45:00', '2025-01-06 16:15:00'),
  (442, 56, '2025-02-02 11:15:00', '2025-02-02 15:45:00'),
  (443, 56, '2025-01-06 11:15:00', '2025-01-06 16:15:00'),
  (444, 56, '2025-02-26 18:15:00', '2025-02-26 22:45:00'),
  (445, 56, '2025-02-08 15:45:00', '2025-02-08 20:15:00'),
  (446, 56, '2025-01-17 10:00:00', '2025-01-17 14:30:00'),
  (447, 56, '2025-01-01 11:15:00', '2025-01-01 15:15:00'),
  (448, 56, '2025-02-12 08:15:00', '2025-02-12 11:15:00'),
  (449, 57, '2025-01-01 16:00:00', '2025-01-01 21:00:00'),
  (450, 57, '2025-01-22 18:15:00', '2025-01-22 21:45:00'),
  (451, 57, '2025-01-25 15:15:00', '2025-01-25 19:15:00'),
  (452, 57, '2025-02-10 12:15:00', '2025-02-10 15:45:00'),
  (453, 57, '2025-02-24 11:00:00', '2025-02-24 14:00:00'),
  (454, 57, '2025-02-13 13:45:00', '2025-02-13 18:15:00'),
  (455, 57, '2025-01-15 08:30:00', '2025-01-15 11:30:00'),
  (456, 57, '2025-02-17 12:15:00', '2025-02-17 16:45:00'),
  (457, 58, '2025-02-19 18:30:00', '2025-02-19 22:00:00'),
  (458, 58, '2025-01-10 17:15:00', '2025-01-10 20:15:00'),
  (459, 58, '2025-01-16 16:15:00', '2025-01-16 19:45:00'),
  (460, 58, '2025-02-19 11:15:00', '2025-02-19 16:15:00'),
  (461, 58, '2025-01-11 12:15:00', '2025-01-11 16:45:00'),
  (462, 58, '2025-02-26 19:00:00', '2025-02-26 23:00:00'),
  (463, 58, '2025-01-14 13:00:00', '2025-01-14 18:00:00'),
  (464, 58, '2025-01-03 09:15:00', '2025-01-03 12:45:00'),
  (465, 59, '2025-01-07 17:45:00', '2025-01-07 20:45:00'),
  (466, 59, '2025-02-09 16:15:00', '2025-02-09 20:45:00'),
  (467, 59, '2025-02-14 10:15:00', '2025-02-14 13:15:00'),
  (468, 59, '2025-01-04 11:00:00', '2025-01-04 14:00:00'),
  (469, 59, '2025-01-18 09:45:00', '2025-01-18 12:45:00'),
  (470, 59, '2025-02-18 17:30:00', '2025-02-18 22:00:00'),
  (471, 59, '2025-01-02 08:00:00', '2025-01-02 12:30:00'),
  (472, 59, '2025-01-30 11:45:00', '2025-01-30 16:15:00'),
  (473, 60, '2025-01-22 15:15:00', '2025-01-22 20:15:00'),
  (474, 60, '2025-02-15 19:00:00', '2025-02-15 22:00:00'),
  (475, 60, '2025-01-20 10:45:00', '2025-01-20 14:45:00'),
  (476, 60, '2025-02-12 10:15:00', '2025-02-12 14:15:00'),
  (477, 60, '2025-01-04 09:30:00', '2025-01-04 14:30:00'),
  (478, 60, '2025-02-10 12:00:00', '2025-02-10 16:30:00'),
  (479, 60, '2025-01-19 19:30:00', '2025-01-20 00:30:00'),
  (480, 60, '2025-01-13 14:00:00', '2025-01-13 17:30:00'),
  (481, 61, '2025-02-03 10:00:00', '2025-02-03 13:30:00'),
  (482, 61, '2025-01-12 11:15:00', '2025-01-12 15:15:00'),
  (483, 61, '2025-01-22 10:00:00', '2025-01-22 14:00:00'),
  (484, 61, '2025-01-07 14:30:00', '2025-01-07 19:00:00'),
  (485, 61, '2025-02-09 13:15:00', '2025-02-09 18:15:00'),
  (486, 61, '2025-01-03 13:15:00', '2025-01-03 17:45:00'),
  (487, 61, '2025-01-14 17:45:00', '2025-01-14 22:45:00'),
  (488, 61, '2025-02-26 10:45:00', '2025-02-26 13:45:00'),
  (489, 62, '2025-01-25 13:45:00', '2025-01-25 18:15:00'),
  (490, 62, '2025-02-21 09:15:00', '2025-02-21 12:45:00'),
  (491, 62, '2025-01-24 14:15:00', '2025-01-24 18:15:00'),
  (492, 62, '2025-02-15 15:45:00', '2025-02-15 18:45:00'),
  (493, 62, '2025-01-30 16:15:00', '2025-01-30 20:45:00'),
  (494, 62, '2025-02-04 17:45:00', '2025-02-04 22:45:00'),
  (495, 62, '2025-02-14 14:00:00', '2025-02-14 19:00:00'),
  (496, 62, '2025-01-17 13:30:00', '2025-01-17 17:00:00'),
  (497, 63, '2025-02-24 15:30:00', '2025-02-24 19:00:00'),
  (498, 63, '2025-01-14 16:30:00', '2025-01-14 21:30:00'),
  (499, 63, '2025-02-28 10:45:00', '2025-02-28 14:15:00'),
  (500, 63, '2025-02-17 12:45:00', '2025-02-17 16:45:00'),
  (501, 63, '2025-01-25 16:30:00', '2025-01-25 21:00:00'),
  (502, 63, '2025-01-12 18:30:00', '2025-01-12 23:30:00'),
  (503, 63, '2025-02-06 14:15:00', '2025-02-06 17:15:00'),
  (504, 63, '2025-01-14 13:00:00', '2025-01-14 16:30:00'),
  (505, 64, '2025-01-12 10:15:00', '2025-01-12 13:15:00'),
  (506, 64, '2025-01-30 09:00:00', '2025-01-30 14:00:00'),
  (507, 64, '2025-02-12 19:00:00', '2025-02-12 23:30:00'),
  (508, 64, '2025-03-02 17:15:00', '2025-03-02 21:15:00'),
  (509, 64, '2025-01-13 18:15:00', '2025-01-13 21:45:00'),
  (510, 64, '2025-02-10 19:30:00', '2025-02-10 22:30:00'),
  (511, 64, '2025-03-02 13:30:00', '2025-03-02 17:30:00'),
  (512, 64, '2025-01-23 17:00:00', '2025-01-23 21:30:00'),
  (513, 65, '2025-01-04 19:15:00', '2025-01-04 23:15:00'),
  (514, 65, '2025-02-16 11:15:00', '2025-02-16 16:15:00'),
  (515, 65, '2025-02-01 13:00:00', '2025-02-01 16:30:00'),
  (516, 65, '2025-02-09 12:00:00', '2025-02-09 15:30:00'),
  (517, 65, '2025-01-13 13:30:00', '2025-01-13 18:00:00'),
  (518, 65, '2025-02-21 19:45:00', '2025-02-22 00:15:00'),
  (519, 65, '2025-01-30 10:15:00', '2025-01-30 13:15:00'),
  (520, 65, '2025-03-02 11:00:00', '2025-03-02 15:00:00'),
  (521, 66, '2025-01-09 14:00:00', '2025-01-09 18:30:00'),
  (522, 66, '2025-02-27 18:15:00', '2025-02-27 23:15:00'),
  (523, 66, '2025-02-09 12:45:00', '2025-02-09 17:15:00'),
  (524, 66, '2025-01-11 18:15:00', '2025-01-11 21:45:00'),
  (525, 66, '2025-02-13 11:15:00', '2025-02-13 15:15:00'),
  (526, 66, '2025-01-07 08:30:00', '2025-01-07 13:00:00'),
  (527, 66, '2025-01-03 18:15:00', '2025-01-03 21:15:00'),
  (528, 66, '2025-02-24 19:30:00', '2025-02-24 23:00:00'),
  (529, 67, '2025-02-07 16:45:00', '2025-02-07 21:45:00'),
  (530, 67, '2025-01-19 10:15:00', '2025-01-19 13:45:00'),
  (531, 67, '2025-02-10 10:15:00', '2025-02-10 14:15:00'),
  (532, 67, '2025-01-13 16:45:00', '2025-01-13 20:45:00'),
  (533, 67, '2025-02-09 14:30:00', '2025-02-09 18:00:00'),
  (534, 67, '2025-01-23 08:00:00', '2025-01-23 13:00:00'),
  (535, 67, '2025-02-02 17:45:00', '2025-02-02 21:15:00'),
  (536, 67, '2025-01-10 12:00:00', '2025-01-10 15:00:00'),
  (537, 68, '2025-02-19 17:15:00', '2025-02-19 20:45:00'),
  (538, 68, '2025-02-04 08:15:00', '2025-02-04 11:45:00'),
  (539, 68, '2025-02-28 10:45:00', '2025-02-28 15:45:00'),
  (540, 68, '2025-01-28 17:00:00', '2025-01-28 20:30:00'),
  (541, 68, '2025-03-01 17:30:00', '2025-03-01 20:30:00'),
  (542, 68, '2025-01-19 13:15:00', '2025-01-19 18:15:00'),
  (543, 68, '2025-01-31 10:30:00', '2025-01-31 13:30:00'),
  (544, 68, '2025-01-25 13:15:00', '2025-01-25 16:45:00'),
  (545, 69, '2025-01-04 11:30:00', '2025-01-04 14:30:00'),
  (546, 69, '2025-02-22 19:00:00', '2025-02-22 22:00:00'),
  (547, 69, '2025-01-22 14:15:00', '2025-01-22 19:15:00'),
  (548, 69, '2025-02-02 17:15:00', '2025-02-02 20:45:00'),
  (549, 69, '2025-01-20 16:00:00', '2025-01-20 21:00:00'),
  (550, 69, '2025-01-05 17:00:00', '2025-01-05 20:00:00'),
  (551, 69, '2025-03-01 13:15:00', '2025-03-01 16:15:00'),
  (552, 69, '2025-01-27 09:30:00', '2025-01-27 12:30:00'),
  (553, 70, '2025-02-28 08:00:00', '2025-02-28 11:00:00'),
  (554, 70, '2025-02-20 14:45:00', '2025-02-20 18:45:00'),
  (555, 70, '2025-01-22 18:45:00', '2025-01-22 21:45:00'),
  (556, 70, '2025-02-13 19:15:00', '2025-02-14 00:15:00'),
  (557, 70, '2025-02-06 08:00:00', '2025-02-06 12:30:00'),
  (558, 70, '2025-02-11 17:15:00', '2025-02-11 22:15:00'),
  (559, 70, '2025-02-19 15:15:00', '2025-02-19 18:45:00'),
  (560, 70, '2025-03-01 09:30:00', '2025-03-01 13:00:00'),
  (561, 71, '2025-01-04 13:45:00', '2025-01-04 17:45:00'),
  (562, 71, '2025-01-27 13:15:00', '2025-01-27 17:15:00'),
  (563, 71, '2025-01-15 14:15:00', '2025-01-15 18:15:00'),
  (564, 71, '2025-02-19 12:45:00', '2025-02-19 15:45:00'),
  (565, 71, '2025-01-09 09:15:00', '2025-01-09 13:15:00'),
  (566, 71, '2025-01-02 17:30:00', '2025-01-02 21:30:00'),
  (567, 71, '2025-01-20 14:15:00', '2025-01-20 18:15:00'),
  (568, 71, '2025-01-09 17:30:00', '2025-01-09 20:30:00'),
  (569, 72, '2025-01-17 17:00:00', '2025-01-17 20:00:00'),
  (570, 72, '2025-01-10 19:30:00', '2025-01-10 23:30:00'),
  (571, 72, '2025-01-02 18:45:00', '2025-01-02 23:45:00'),
  (572, 72, '2025-01-20 18:30:00', '2025-01-20 22:30:00'),
  (573, 72, '2025-01-01 19:15:00', '2025-01-01 22:15:00'),
  (574, 72, '2025-01-31 11:15:00', '2025-01-31 14:45:00'),
  (575, 72, '2025-01-15 19:15:00', '2025-01-16 00:15:00'),
  (576, 72, '2025-01-21 11:30:00', '2025-01-21 15:00:00'),
  (577, 73, '2025-02-15 10:15:00', '2025-02-15 14:15:00'),
  (578, 73, '2025-01-14 13:00:00', '2025-01-14 17:30:00'),
  (579, 73, '2025-01-27 17:00:00', '2025-01-27 20:30:00'),
  (580, 73, '2025-01-14 16:45:00', '2025-01-14 20:15:00'),
  (581, 73, '2025-02-03 08:15:00', '2025-02-03 11:45:00'),
  (582, 73, '2025-01-27 13:00:00', '2025-01-27 17:00:00'),
  (583, 73, '2025-01-29 16:15:00', '2025-01-29 19:45:00'),
  (584, 73, '2025-02-06 08:00:00', '2025-02-06 11:30:00'),
  (585, 74, '2025-01-01 19:30:00', '2025-01-01 22:30:00'),
  (586, 74, '2025-02-17 14:15:00', '2025-02-17 19:15:00'),
  (587, 74, '2025-02-01 11:15:00', '2025-02-01 14:45:00'),
  (588, 74, '2025-01-13 17:30:00', '2025-01-13 22:30:00'),
  (589, 74, '2025-02-01 16:45:00', '2025-02-01 19:45:00'),
  (590, 74, '2025-01-06 08:15:00', '2025-01-06 12:45:00'),
  (591, 74, '2025-01-16 14:15:00', '2025-01-16 18:15:00'),
  (592, 74, '2025-02-17 19:45:00', '2025-02-17 22:45:00'),
  (593, 75, '2025-01-09 10:45:00', '2025-01-09 14:15:00'),
  (594, 75, '2025-02-07 17:30:00', '2025-02-07 21:00:00'),
  (595, 75, '2025-01-11 10:45:00', '2025-01-11 14:45:00'),
  (596, 75, '2025-01-23 10:00:00', '2025-01-23 14:30:00'),
  (597, 75, '2025-02-04 13:00:00', '2025-02-04 17:30:00'),
  (598, 75, '2025-01-09 18:45:00', '2025-01-09 23:15:00'),
  (599, 75, '2025-01-25 12:45:00', '2025-01-25 15:45:00'),
  (600, 75, '2025-02-25 12:30:00', '2025-02-25 17:00:00'),
  (601, 76, '2025-01-23 11:30:00', '2025-01-23 15:30:00'),
  (602, 76, '2025-01-25 19:00:00', '2025-01-25 22:00:00'),
  (603, 76, '2025-03-01 12:15:00', '2025-03-01 16:45:00'),
  (604, 76, '2025-02-16 08:30:00', '2025-02-16 12:30:00'),
  (605, 76, '2025-01-27 17:30:00', '2025-01-27 21:30:00'),
  (606, 76, '2025-01-19 18:30:00', '2025-01-19 22:00:00'),
  (607, 76, '2025-01-22 18:45:00', '2025-01-22 22:45:00'),
  (608, 76, '2025-01-11 12:15:00', '2025-01-11 16:45:00'),
  (609, 77, '2025-01-02 18:45:00', '2025-01-02 22:15:00'),
  (610, 77, '2025-01-05 14:30:00', '2025-01-05 19:30:00'),
  (611, 77, '2025-02-22 12:30:00', '2025-02-22 17:30:00'),
  (612, 77, '2025-01-08 16:00:00', '2025-01-08 20:00:00'),
  (613, 77, '2025-01-12 09:00:00', '2025-01-12 12:30:00'),
  (614, 77, '2025-02-21 09:30:00', '2025-02-21 14:00:00'),
  (615, 77, '2025-02-25 08:00:00', '2025-02-25 11:30:00'),
  (616, 77, '2025-02-10 11:45:00', '2025-02-10 15:45:00'),
  (617, 78, '2025-02-13 16:45:00', '2025-02-13 19:45:00'),
  (618, 78, '2025-02-02 14:15:00', '2025-02-02 18:45:00'),
  (619, 78, '2025-02-09 08:15:00', '2025-02-09 13:15:00'),
  (620, 78, '2025-02-02 08:00:00', '2025-02-02 11:30:00'),
  (621, 78, '2025-02-28 19:00:00', '2025-02-28 22:00:00'),
  (622, 78, '2025-01-27 11:00:00', '2025-01-27 14:30:00'),
  (623, 78, '2025-01-19 10:45:00', '2025-01-19 15:45:00'),
  (624, 78, '2025-01-20 17:15:00', '2025-01-20 20:15:00'),
  (625, 79, '2025-02-23 16:15:00', '2025-02-23 21:15:00'),
  (626, 79, '2025-02-12 14:45:00', '2025-02-12 19:15:00'),
  (627, 79, '2025-01-29 16:45:00', '2025-01-29 21:15:00'),
  (628, 79, '2025-02-15 18:30:00', '2025-02-15 22:30:00'),
  (629, 79, '2025-02-03 13:45:00', '2025-02-03 17:15:00'),
  (630, 79, '2025-02-17 09:30:00', '2025-02-17 12:30:00'),
  (631, 79, '2025-01-07 09:15:00', '2025-01-07 14:15:00'),
  (632, 79, '2025-01-11 18:15:00', '2025-01-11 23:15:00'),
  (633, 80, '2025-01-06 08:30:00', '2025-01-06 12:30:00'),
  (634, 80, '2025-01-04 17:45:00', '2025-01-04 22:45:00'),
  (635, 80, '2025-01-14 13:45:00', '2025-01-14 18:45:00'),
  (636, 80, '2025-01-14 11:15:00', '2025-01-14 16:15:00'),
  (637, 80, '2025-02-09 18:15:00', '2025-02-09 23:15:00'),
  (638, 80, '2025-01-06 19:45:00', '2025-01-06 23:45:00'),
  (639, 80, '2025-01-26 16:00:00', '2025-01-26 20:30:00'),
  (640, 80, '2025-01-15 09:15:00', '2025-01-15 12:15:00'),
  (641, 81, '2025-01-06 16:00:00', '2025-01-06 20:00:00'),
  (642, 81, '2025-02-16 15:30:00', '2025-02-16 19:00:00'),
  (643, 81, '2025-01-14 14:15:00', '2025-01-14 19:15:00'),
  (644, 81, '2025-01-29 14:15:00', '2025-01-29 19:15:00'),
  (645, 81, '2025-02-26 16:30:00', '2025-02-26 19:30:00'),
  (646, 81, '2025-02-28 15:15:00', '2025-02-28 19:15:00'),
  (647, 81, '2025-01-09 16:30:00', '2025-01-09 20:00:00'),
  (648, 81, '2025-01-17 08:15:00', '2025-01-17 12:45:00'),
  (649, 82, '2025-01-13 10:45:00', '2025-01-13 13:45:00'),
  (650, 82, '2025-01-28 17:30:00', '2025-01-28 20:30:00'),
  (651, 82, '2025-01-07 17:00:00', '2025-01-07 21:30:00'),
  (652, 82, '2025-01-14 19:45:00', '2025-01-14 23:45:00'),
  (653, 82, '2025-01-12 11:45:00', '2025-01-12 14:45:00'),
  (654, 82, '2025-02-20 14:30:00', '2025-02-20 17:30:00'),
  (655, 82, '2025-02-14 13:30:00', '2025-02-14 16:30:00'),
  (656, 82, '2025-01-26 14:15:00', '2025-01-26 18:45:00'),
  (657, 83, '2025-01-25 10:00:00', '2025-01-25 13:00:00'),
  (658, 83, '2025-01-02 13:30:00', '2025-01-02 18:00:00'),
  (659, 83, '2025-02-28 13:00:00', '2025-02-28 17:30:00'),
  (660, 83, '2025-01-16 09:00:00', '2025-01-16 12:30:00'),
  (661, 83, '2025-02-15 12:15:00', '2025-02-15 15:45:00'),
  (662, 83, '2025-02-19 13:15:00', '2025-02-19 17:45:00'),
  (663, 83, '2025-01-31 17:30:00', '2025-01-31 22:30:00'),
  (664, 83, '2025-01-12 10:00:00', '2025-01-12 13:30:00'),
  (665, 84, '2025-02-16 11:00:00', '2025-02-16 14:30:00'),
  (666, 84, '2025-02-19 16:45:00', '2025-02-19 20:15:00'),
  (667, 84, '2025-02-25 12:00:00', '2025-02-25 16:30:00'),
  (668, 84, '2025-03-01 08:45:00', '2025-03-01 12:15:00'),
  (669, 84, '2025-01-09 12:45:00', '2025-01-09 17:45:00'),
  (670, 84, '2025-02-23 19:15:00', '2025-02-24 00:15:00'),
  (671, 84, '2025-01-04 10:30:00', '2025-01-04 14:00:00'),
  (672, 84, '2025-01-26 11:00:00', '2025-01-26 15:00:00'),
  (673, 85, '2025-02-22 09:30:00', '2025-02-22 14:30:00'),
  (674, 85, '2025-02-04 08:00:00', '2025-02-04 13:00:00'),
  (675, 85, '2025-01-16 13:00:00', '2025-01-16 16:30:00'),
  (676, 85, '2025-01-12 10:00:00', '2025-01-12 15:00:00'),
  (677, 85, '2025-02-05 11:00:00', '2025-02-05 14:30:00'),
  (678, 85, '2025-01-03 13:15:00', '2025-01-03 17:45:00'),
  (679, 85, '2025-02-26 10:30:00', '2025-02-26 15:00:00'),
  (680, 85, '2025-01-10 08:30:00', '2025-01-10 13:30:00'),
  (681, 86, '2025-02-15 16:15:00', '2025-02-15 19:15:00'),
  (682, 86, '2025-02-25 08:00:00', '2025-02-25 11:30:00'),
  (683, 86, '2025-01-06 16:30:00', '2025-01-06 21:00:00'),
  (684, 86, '2025-01-27 08:45:00', '2025-01-27 12:15:00'),
  (685, 86, '2025-01-10 10:30:00', '2025-01-10 15:30:00'),
  (686, 86, '2025-02-18 14:30:00', '2025-02-18 17:30:00'),
  (687, 86, '2025-02-03 13:00:00', '2025-02-03 17:30:00'),
  (688, 86, '2025-02-11 17:45:00', '2025-02-11 22:15:00'),
  (689, 87, '2025-01-22 18:00:00', '2025-01-22 21:00:00'),
  (690, 87, '2025-02-19 13:15:00', '2025-02-19 16:45:00'),
  (691, 87, '2025-01-25 10:45:00', '2025-01-25 13:45:00'),
  (692, 87, '2025-01-11 12:45:00', '2025-01-11 17:15:00'),
  (693, 87, '2025-02-16 10:30:00', '2025-02-16 15:00:00'),
  (694, 87, '2025-02-04 17:30:00', '2025-02-04 22:00:00'),
  (695, 87, '2025-02-16 19:15:00', '2025-02-17 00:15:00'),
  (696, 87, '2025-01-25 11:30:00', '2025-01-25 14:30:00'),
  (697, 88, '2025-03-02 09:45:00', '2025-03-02 13:15:00'),
  (698, 88, '2025-01-19 15:30:00', '2025-01-19 20:00:00'),
  (699, 88, '2025-02-13 19:00:00', '2025-02-13 22:00:00'),
  (700, 88, '2025-01-27 17:15:00', '2025-01-27 21:45:00'),
  (701, 88, '2025-02-26 10:00:00', '2025-02-26 14:00:00'),
  (702, 88, '2025-02-02 19:30:00', '2025-02-02 22:30:00'),
  (703, 88, '2025-02-21 16:30:00', '2025-02-21 21:30:00'),
  (704, 88, '2025-03-01 08:15:00', '2025-03-01 11:15:00'),
  (705, 89, '2025-02-14 18:15:00', '2025-02-14 22:45:00'),
  (706, 89, '2025-03-01 17:45:00', '2025-03-01 22:45:00'),
  (707, 89, '2025-02-22 17:15:00', '2025-02-22 20:15:00'),
  (708, 89, '2025-03-01 12:00:00', '2025-03-01 16:30:00'),
  (709, 89, '2025-01-11 15:30:00', '2025-01-11 19:00:00'),
  (710, 89, '2025-02-27 11:15:00', '2025-02-27 15:45:00'),
  (711, 89, '2025-01-11 12:30:00', '2025-01-11 15:30:00'),
  (712, 89, '2025-02-22 08:45:00', '2025-02-22 11:45:00'),
  (713, 90, '2025-01-15 16:00:00', '2025-01-15 21:00:00'),
  (714, 90, '2025-01-01 14:00:00', '2025-01-01 19:00:00'),
  (715, 90, '2025-01-08 16:30:00', '2025-01-08 21:30:00'),
  (716, 90, '2025-02-15 12:45:00', '2025-02-15 17:45:00'),
  (717, 90, '2025-01-24 14:45:00', '2025-01-24 19:45:00'),
  (718, 90, '2025-01-06 08:00:00', '2025-01-06 13:00:00'),
  (719, 90, '2025-01-05 12:30:00', '2025-01-05 16:00:00'),
  (720, 90, '2025-01-14 08:30:00', '2025-01-14 12:30:00'),
  (721, 91, '2025-01-27 18:30:00', '2025-01-27 22:00:00'),
  (722, 91, '2025-02-07 13:15:00', '2025-02-07 16:45:00'),
  (723, 91, '2025-01-03 10:30:00', '2025-01-03 14:30:00'),
  (724, 91, '2025-02-06 10:15:00', '2025-02-06 13:45:00'),
  (725, 91, '2025-01-21 11:15:00', '2025-01-21 15:15:00'),
  (726, 91, '2025-01-29 16:15:00', '2025-01-29 19:45:00'),
  (727, 91, '2025-01-01 19:15:00', '2025-01-02 00:15:00'),
  (728, 91, '2025-02-04 13:45:00', '2025-02-04 17:45:00'),
  (729, 92, '2025-02-06 18:00:00', '2025-02-06 23:00:00'),
  (730, 92, '2025-01-22 17:45:00', '2025-01-22 21:15:00'),
  (731, 92, '2025-01-01 17:00:00', '2025-01-01 21:00:00'),
  (732, 92, '2025-01-07 17:45:00', '2025-01-07 20:45:00'),
  (733, 92, '2025-01-05 12:15:00', '2025-01-05 16:15:00'),
  (734, 92, '2025-02-23 14:30:00', '2025-02-23 17:30:00'),
  (735, 92, '2025-01-08 09:45:00', '2025-01-08 14:45:00'),
  (736, 92, '2025-01-19 10:00:00', '2025-01-19 13:00:00'),
  (737, 93, '2025-02-27 08:15:00', '2025-02-27 13:15:00'),
  (738, 93, '2025-01-08 10:15:00', '2025-01-08 14:15:00'),
  (739, 93, '2025-02-26 08:15:00', '2025-02-26 11:15:00'),
  (740, 93, '2025-02-22 18:45:00', '2025-02-22 23:45:00'),
  (741, 93, '2025-02-15 09:30:00', '2025-02-15 13:30:00'),
  (742, 93, '2025-02-07 09:45:00', '2025-02-07 14:15:00'),
  (743, 93, '2025-01-27 14:30:00', '2025-01-27 18:30:00'),
  (744, 93, '2025-01-09 08:00:00', '2025-01-09 12:00:00'),
  (745, 94, '2025-02-14 11:00:00', '2025-02-14 15:00:00'),
  (746, 94, '2025-02-17 16:30:00', '2025-02-17 21:30:00'),
  (747, 94, '2025-01-04 11:15:00', '2025-01-04 15:15:00'),
  (748, 94, '2025-02-23 15:15:00', '2025-02-23 18:15:00'),
  (749, 94, '2025-01-17 08:15:00', '2025-01-17 12:45:00'),
  (750, 94, '2025-01-18 11:00:00', '2025-01-18 16:00:00'),
  (751, 94, '2025-01-26 10:30:00', '2025-01-26 13:30:00'),
  (752, 94, '2025-01-12 17:00:00', '2025-01-12 21:00:00'),
  (753, 95, '2025-02-03 19:15:00', '2025-02-03 22:45:00'),
  (754, 95, '2025-01-25 17:00:00', '2025-01-25 21:00:00'),
  (755, 95, '2025-02-13 10:30:00', '2025-02-13 14:00:00'),
  (756, 95, '2025-02-19 16:00:00', '2025-02-19 20:00:00'),
  (757, 95, '2025-01-06 13:00:00', '2025-01-06 17:30:00'),
  (758, 95, '2025-03-01 09:45:00', '2025-03-01 14:45:00'),
  (759, 95, '2025-02-02 13:00:00', '2025-02-02 17:30:00'),
  (760, 95, '2025-01-17 13:15:00', '2025-01-17 16:45:00'),
  (761, 96, '2025-02-22 17:30:00', '2025-02-22 21:00:00'),
  (762, 96, '2025-01-22 08:45:00', '2025-01-22 12:45:00'),
  (763, 96, '2025-01-01 17:30:00', '2025-01-01 22:00:00'),
  (764, 96, '2025-01-29 13:45:00', '2025-01-29 17:45:00'),
  (765, 96, '2025-02-06 16:45:00', '2025-02-06 19:45:00'),
  (766, 96, '2025-02-18 19:00:00', '2025-02-19 00:00:00'),
  (767, 96, '2025-01-24 18:30:00', '2025-01-24 23:00:00'),
  (768, 96, '2025-01-29 16:00:00', '2025-01-29 19:00:00'),
  (769, 97, '2025-01-15 10:00:00', '2025-01-15 13:00:00'),
  (770, 97, '2025-01-13 13:15:00', '2025-01-13 16:15:00'),
  (771, 97, '2025-01-25 09:15:00', '2025-01-25 13:45:00'),
  (772, 97, '2025-01-13 19:15:00', '2025-01-13 23:15:00'),
  (773, 97, '2025-01-12 18:15:00', '2025-01-12 23:15:00'),
  (774, 97, '2025-02-26 13:30:00', '2025-02-26 16:30:00'),
  (775, 97, '2025-01-21 19:00:00', '2025-01-22 00:00:00'),
  (776, 97, '2025-01-02 13:15:00', '2025-01-02 16:45:00'),
  (777, 98, '2025-03-01 17:30:00', '2025-03-01 22:00:00'),
  (778, 98, '2025-01-03 13:45:00', '2025-01-03 18:15:00'),
  (779, 98, '2025-01-31 18:45:00', '2025-01-31 23:15:00'),
  (780, 98, '2025-02-24 12:30:00', '2025-02-24 16:30:00'),
  (781, 98, '2025-02-11 14:15:00', '2025-02-11 17:15:00'),
  (782, 98, '2025-02-13 08:45:00', '2025-02-13 13:15:00'),
  (783, 98, '2025-01-11 11:45:00', '2025-01-11 15:45:00'),
  (784, 98, '2025-01-28 10:45:00', '2025-01-28 15:15:00'),
  (785, 99, '2025-01-25 17:15:00', '2025-01-25 21:45:00'),
  (786, 99, '2025-01-31 17:30:00', '2025-01-31 21:30:00'),
  (787, 99, '2025-01-17 11:00:00', '2025-01-17 15:00:00'),
  (788, 99, '2025-02-13 08:30:00', '2025-02-13 12:00:00'),
  (789, 99, '2025-01-12 17:45:00', '2025-01-12 21:45:00'),
  (790, 99, '2025-01-29 11:00:00', '2025-01-29 15:00:00'),
  (791, 99, '2025-02-08 12:30:00', '2025-02-08 17:00:00'),
  (792, 99, '2025-01-12 15:30:00', '2025-01-12 20:00:00'),
  (793, 100, '2025-01-11 13:30:00', '2025-01-11 16:30:00'),
  (794, 100, '2025-02-28 16:30:00', '2025-02-28 19:30:00'),
  (795, 100, '2025-02-11 13:15:00', '2025-02-11 17:45:00'),
  (796, 100, '2025-01-22 19:00:00', '2025-01-22 22:00:00'),
  (797, 100, '2025-01-08 14:30:00', '2025-01-08 17:30:00'),
  (798, 100, '2025-01-20 09:30:00', '2025-01-20 14:30:00'),
  (799, 100, '2025-02-23 09:45:00', '2025-02-23 12:45:00'),
  (800, 100, '2025-02-25 10:30:00', '2025-02-25 14:00:00');

INSERT INTO student_availability (student_availability_id, student_id, start_time, end_time) VALUES
  (1, 1, '2025-01-30 14:00:00', '2025-01-30 18:00:00'),
  (2, 1, '2025-01-31 12:30:00', '2025-01-31 17:00:00'),
  (3, 1, '2025-02-02 11:45:00', '2025-02-02 16:45:00'),
  (4, 1, '2025-02-28 13:00:00', '2025-02-28 17:00:00'),
  (5, 1, '2025-02-20 14:15:00', '2025-02-20 18:15:00'),
  (6, 2, '2025-02-15 12:15:00', '2025-02-15 16:45:00'),
  (7, 2, '2025-01-21 11:30:00', '2025-01-21 16:00:00'),
  (8, 2, '2025-01-11 14:15:00', '2025-01-11 18:15:00'),
  (9, 2, '2025-02-15 16:45:00', '2025-02-15 20:15:00'),
  (10, 2, '2025-01-14 18:00:00', '2025-01-14 21:00:00'),
  (11, 3, '2025-01-23 09:30:00', '2025-01-23 14:30:00'),
  (12, 3, '2025-01-31 08:30:00', '2025-01-31 12:30:00'),
  (13, 3, '2025-02-24 09:00:00', '2025-02-24 12:30:00'),
  (14, 3, '2025-01-04 11:30:00', '2025-01-04 16:00:00'),
  (15, 3, '2025-01-11 12:45:00', '2025-01-11 15:45:00'),
  (16, 4, '2025-02-14 11:15:00', '2025-02-14 14:15:00'),
  (17, 4, '2025-02-05 14:00:00', '2025-02-05 17:30:00'),
  (18, 4, '2025-01-17 17:45:00', '2025-01-17 22:45:00'),
  (19, 4, '2025-01-01 16:45:00', '2025-01-01 20:15:00'),
  (20, 4, '2025-02-24 12:45:00', '2025-02-24 16:15:00'),
  (21, 5, '2025-01-12 15:45:00', '2025-01-12 19:45:00'),
  (22, 5, '2025-02-09 09:45:00', '2025-02-09 13:15:00'),
  (23, 5, '2025-02-16 11:00:00', '2025-02-16 14:00:00'),
  (24, 5, '2025-02-16 16:00:00', '2025-02-16 20:30:00'),
  (25, 5, '2025-01-01 11:45:00', '2025-01-01 16:45:00'),
  (26, 6, '2025-02-12 11:15:00', '2025-02-12 16:15:00'),
  (27, 6, '2025-02-19 09:00:00', '2025-02-19 13:00:00'),
  (28, 6, '2025-01-28 08:00:00', '2025-01-28 12:00:00'),
  (29, 6, '2025-01-09 10:45:00', '2025-01-09 15:15:00'),
  (30, 6, '2025-02-17 16:15:00', '2025-02-17 21:15:00'),
  (31, 7, '2025-02-01 17:45:00', '2025-02-01 21:45:00'),
  (32, 7, '2025-02-06 18:00:00', '2025-02-06 23:00:00'),
  (33, 7, '2025-01-30 17:45:00', '2025-01-30 22:45:00'),
  (34, 7, '2025-02-04 11:45:00', '2025-02-04 16:45:00'),
  (35, 7, '2025-01-22 17:15:00', '2025-01-22 22:15:00'),
  (36, 8, '2025-02-19 14:15:00', '2025-02-19 17:45:00'),
  (37, 8, '2025-02-02 18:45:00', '2025-02-02 23:15:00'),
  (38, 8, '2025-01-30 18:15:00', '2025-01-30 21:45:00'),
  (39, 8, '2025-01-17 12:15:00', '2025-01-17 15:15:00'),
  (40, 8, '2025-01-08 16:00:00', '2025-01-08 20:00:00'),
  (41, 9, '2025-01-13 12:30:00', '2025-01-13 17:00:00'),
  (42, 9, '2025-01-29 12:00:00', '2025-01-29 16:00:00'),
  (43, 9, '2025-02-26 12:30:00', '2025-02-26 17:30:00'),
  (44, 9, '2025-02-24 09:45:00', '2025-02-24 13:15:00'),
  (45, 9, '2025-01-16 10:15:00', '2025-01-16 14:15:00'),
  (46, 10, '2025-01-29 19:45:00', '2025-01-29 23:15:00'),
  (47, 10, '2025-01-09 17:45:00', '2025-01-09 21:15:00'),
  (48, 10, '2025-03-02 14:00:00', '2025-03-02 19:00:00'),
  (49, 10, '2025-01-27 08:45:00', '2025-01-27 12:15:00'),
  (50, 10, '2025-01-12 12:30:00', '2025-01-12 17:30:00'),
  (51, 11, '2025-02-01 19:00:00', '2025-02-01 22:30:00'),
  (52, 11, '2025-01-01 17:30:00', '2025-01-01 20:30:00'),
  (53, 11, '2025-01-25 12:45:00', '2025-01-25 17:45:00'),
  (54, 11, '2025-03-01 18:45:00', '2025-03-01 21:45:00'),
  (55, 11, '2025-02-27 10:00:00', '2025-02-27 13:00:00'),
  (56, 12, '2025-01-19 12:45:00', '2025-01-19 15:45:00'),
  (57, 12, '2025-01-08 18:15:00', '2025-01-08 21:15:00'),
  (58, 12, '2025-02-08 09:00:00', '2025-02-08 12:30:00'),
  (59, 12, '2025-01-05 15:00:00', '2025-01-05 18:00:00'),
  (60, 12, '2025-01-07 19:00:00', '2025-01-07 23:00:00'),
  (61, 13, '2025-02-14 11:30:00', '2025-02-14 15:30:00'),
  (62, 13, '2025-01-07 17:30:00', '2025-01-07 21:30:00'),
  (63, 13, '2025-01-31 16:45:00', '2025-01-31 20:15:00'),
  (64, 13, '2025-02-16 18:45:00', '2025-02-16 21:45:00'),
  (65, 13, '2025-01-06 18:45:00', '2025-01-06 22:45:00'),
  (66, 14, '2025-02-26 14:30:00', '2025-02-26 19:30:00'),
  (67, 14, '2025-01-14 08:45:00', '2025-01-14 12:15:00'),
  (68, 14, '2025-02-27 11:30:00', '2025-02-27 14:30:00'),
  (69, 14, '2025-02-14 08:30:00', '2025-02-14 11:30:00'),
  (70, 14, '2025-01-18 08:00:00', '2025-01-18 11:00:00'),
  (71, 15, '2025-02-12 09:00:00', '2025-02-12 14:00:00'),
  (72, 15, '2025-01-07 14:45:00', '2025-01-07 19:15:00'),
  (73, 15, '2025-02-17 08:15:00', '2025-02-17 11:45:00'),
  (74, 15, '2025-03-01 13:45:00', '2025-03-01 16:45:00'),
  (75, 15, '2025-01-03 15:45:00', '2025-01-03 19:15:00'),
  (76, 16, '2025-01-13 19:30:00', '2025-01-14 00:30:00'),
  (77, 16, '2025-01-23 10:45:00', '2025-01-23 14:15:00'),
  (78, 16, '2025-02-22 10:30:00', '2025-02-22 13:30:00'),
  (79, 16, '2025-02-20 08:30:00', '2025-02-20 12:30:00'),
  (80, 16, '2025-01-25 08:45:00', '2025-01-25 12:15:00'),
  (81, 17, '2025-01-18 14:15:00', '2025-01-18 17:15:00'),
  (82, 17, '2025-01-25 09:45:00', '2025-01-25 14:45:00'),
  (83, 17, '2025-02-27 16:15:00', '2025-02-27 21:15:00'),
  (84, 17, '2025-02-04 08:00:00', '2025-02-04 12:30:00'),
  (85, 17, '2025-02-09 16:15:00', '2025-02-09 19:45:00'),
  (86, 18, '2025-01-13 13:15:00', '2025-01-13 17:15:00'),
  (87, 18, '2025-02-16 13:30:00', '2025-02-16 18:30:00'),
  (88, 18, '2025-02-07 09:30:00', '2025-02-07 13:00:00'),
  (89, 18, '2025-01-04 09:15:00', '2025-01-04 13:15:00'),
  (90, 18, '2025-01-21 14:45:00', '2025-01-21 18:45:00'),
  (91, 19, '2025-01-20 08:00:00', '2025-01-20 12:00:00'),
  (92, 19, '2025-02-25 10:30:00', '2025-02-25 15:30:00'),
  (93, 19, '2025-01-26 17:00:00', '2025-01-26 22:00:00'),
  (94, 19, '2025-01-14 18:15:00', '2025-01-14 23:15:00'),
  (95, 19, '2025-02-03 19:45:00', '2025-02-03 22:45:00'),
  (96, 20, '2025-02-24 14:30:00', '2025-02-24 17:30:00'),
  (97, 20, '2025-01-13 12:00:00', '2025-01-13 15:00:00'),
  (98, 20, '2025-02-26 10:45:00', '2025-02-26 15:15:00'),
  (99, 20, '2025-02-14 19:15:00', '2025-02-14 23:45:00'),
  (100, 20, '2025-01-17 11:30:00', '2025-01-17 16:00:00'),
  (101, 21, '2025-01-01 10:00:00', '2025-01-01 15:00:00'),
  (102, 21, '2025-02-14 08:00:00', '2025-02-14 12:30:00'),
  (103, 21, '2025-02-28 11:30:00', '2025-02-28 16:00:00'),
  (104, 21, '2025-01-31 08:45:00', '2025-01-31 13:45:00'),
  (105, 21, '2025-02-04 18:45:00', '2025-02-04 22:15:00'),
  (106, 22, '2025-01-28 16:00:00', '2025-01-28 20:30:00'),
  (107, 22, '2025-01-05 08:15:00', '2025-01-05 13:15:00'),
  (108, 22, '2025-02-21 08:45:00', '2025-02-21 12:45:00'),
  (109, 22, '2025-02-24 18:15:00', '2025-02-24 23:15:00'),
  (110, 22, '2025-01-16 17:15:00', '2025-01-16 22:15:00'),
  (111, 23, '2025-01-15 15:45:00', '2025-01-15 18:45:00'),
  (112, 23, '2025-01-19 16:00:00', '2025-01-19 19:00:00'),
  (113, 23, '2025-02-26 18:30:00', '2025-02-26 23:00:00'),
  (114, 23, '2025-01-02 15:00:00', '2025-01-02 19:00:00'),
  (115, 23, '2025-02-19 08:00:00', '2025-02-19 12:00:00'),
  (116, 24, '2025-02-16 15:15:00', '2025-02-16 18:15:00'),
  (117, 24, '2025-02-03 17:30:00', '2025-02-03 21:00:00'),
  (118, 24, '2025-02-10 13:00:00', '2025-02-10 16:00:00'),
  (119, 24, '2025-02-19 10:30:00', '2025-02-19 15:30:00'),
  (120, 24, '2025-01-21 08:15:00', '2025-01-21 13:15:00'),
  (121, 25, '2025-02-02 13:45:00', '2025-02-02 16:45:00'),
  (122, 25, '2025-01-06 11:45:00', '2025-01-06 16:15:00'),
  (123, 25, '2025-02-22 08:00:00', '2025-02-22 13:00:00'),
  (124, 25, '2025-02-15 17:15:00', '2025-02-15 20:45:00'),
  (125, 25, '2025-02-18 12:15:00', '2025-02-18 15:45:00'),
  (126, 26, '2025-01-04 08:30:00', '2025-01-04 12:30:00'),
  (127, 26, '2025-02-25 10:45:00', '2025-02-25 14:15:00'),
  (128, 26, '2025-01-08 16:15:00', '2025-01-08 20:15:00'),
  (129, 26, '2025-01-10 08:45:00', '2025-01-10 13:45:00'),
  (130, 26, '2025-02-27 16:00:00', '2025-02-27 19:30:00'),
  (131, 27, '2025-01-20 16:30:00', '2025-01-20 20:00:00'),
  (132, 27, '2025-02-27 13:15:00', '2025-02-27 16:45:00'),
  (133, 27, '2025-01-13 15:00:00', '2025-01-13 19:00:00'),
  (134, 27, '2025-02-01 12:15:00', '2025-02-01 16:45:00'),
  (135, 27, '2025-01-03 17:45:00', '2025-01-03 22:45:00'),
  (136, 28, '2025-01-01 18:00:00', '2025-01-01 21:00:00'),
  (137, 28, '2025-01-27 16:00:00', '2025-01-27 19:30:00'),
  (138, 28, '2025-01-13 17:45:00', '2025-01-13 20:45:00'),
  (139, 28, '2025-02-06 11:15:00', '2025-02-06 14:45:00'),
  (140, 28, '2025-01-17 08:30:00', '2025-01-17 12:30:00'),
  (141, 29, '2025-01-22 16:15:00', '2025-01-22 19:45:00'),
  (142, 29, '2025-01-11 08:15:00', '2025-01-11 13:15:00'),
  (143, 29, '2025-01-24 19:45:00', '2025-01-25 00:15:00'),
  (144, 29, '2025-02-10 16:30:00', '2025-02-10 20:30:00'),
  (145, 29, '2025-02-24 15:30:00', '2025-02-24 18:30:00'),
  (146, 30, '2025-02-11 13:45:00', '2025-02-11 17:15:00'),
  (147, 30, '2025-01-13 11:00:00', '2025-01-13 15:00:00'),
  (148, 30, '2025-01-02 10:15:00', '2025-01-02 13:15:00'),
  (149, 30, '2025-02-13 10:00:00', '2025-02-13 15:00:00'),
  (150, 30, '2025-02-03 19:15:00', '2025-02-03 23:15:00'),
  (151, 31, '2025-02-18 19:00:00', '2025-02-19 00:00:00'),
  (152, 31, '2025-02-14 15:00:00', '2025-02-14 20:00:00'),
  (153, 31, '2025-01-13 11:00:00', '2025-01-13 14:00:00'),
  (154, 31, '2025-02-26 14:30:00', '2025-02-26 18:00:00'),
  (155, 31, '2025-01-30 17:30:00', '2025-01-30 20:30:00'),
  (156, 32, '2025-02-12 10:30:00', '2025-02-12 15:00:00'),
  (157, 32, '2025-02-20 18:30:00', '2025-02-20 22:30:00'),
  (158, 32, '2025-02-19 13:45:00', '2025-02-19 17:45:00'),
  (159, 32, '2025-01-23 13:00:00', '2025-01-23 17:00:00'),
  (160, 32, '2025-01-08 13:30:00', '2025-01-08 17:00:00'),
  (161, 33, '2025-02-28 09:30:00', '2025-02-28 13:00:00'),
  (162, 33, '2025-02-13 11:30:00', '2025-02-13 14:30:00'),
  (163, 33, '2025-01-27 16:00:00', '2025-01-27 21:00:00'),
  (164, 33, '2025-02-06 08:30:00', '2025-02-06 11:30:00'),
  (165, 33, '2025-01-26 17:45:00', '2025-01-26 20:45:00'),
  (166, 34, '2025-01-31 10:30:00', '2025-01-31 14:30:00'),
  (167, 34, '2025-01-10 16:30:00', '2025-01-10 21:30:00'),
  (168, 34, '2025-01-15 13:45:00', '2025-01-15 17:45:00'),
  (169, 34, '2025-01-10 18:30:00', '2025-01-10 22:30:00'),
  (170, 34, '2025-02-11 14:00:00', '2025-02-11 19:00:00'),
  (171, 35, '2025-01-29 16:30:00', '2025-01-29 21:30:00'),
  (172, 35, '2025-02-02 12:30:00', '2025-02-02 16:30:00'),
  (173, 35, '2025-01-10 15:30:00', '2025-01-10 18:30:00'),
  (174, 35, '2025-02-27 19:15:00', '2025-02-28 00:15:00'),
  (175, 35, '2025-01-15 14:15:00', '2025-01-15 19:15:00'),
  (176, 36, '2025-01-03 13:45:00', '2025-01-03 17:15:00'),
  (177, 36, '2025-02-26 15:45:00', '2025-02-26 19:45:00'),
  (178, 36, '2025-02-03 14:00:00', '2025-02-03 19:00:00'),
  (179, 36, '2025-02-08 18:15:00', '2025-02-08 21:45:00'),
  (180, 36, '2025-01-13 15:30:00', '2025-01-13 18:30:00'),
  (181, 37, '2025-02-12 17:30:00', '2025-02-12 22:00:00'),
  (182, 37, '2025-01-17 16:30:00', '2025-01-17 19:30:00'),
  (183, 37, '2025-02-12 18:15:00', '2025-02-12 22:45:00'),
  (184, 37, '2025-02-09 19:30:00', '2025-02-10 00:00:00'),
  (185, 37, '2025-03-02 09:45:00', '2025-03-02 12:45:00'),
  (186, 38, '2025-02-15 11:00:00', '2025-02-15 14:00:00'),
  (187, 38, '2025-01-06 18:00:00', '2025-01-06 21:00:00'),
  (188, 38, '2025-02-16 17:30:00', '2025-02-16 21:30:00'),
  (189, 38, '2025-02-18 12:45:00', '2025-02-18 17:15:00'),
  (190, 38, '2025-02-14 15:00:00', '2025-02-14 19:30:00'),
  (191, 39, '2025-02-10 16:00:00', '2025-02-10 19:00:00'),
  (192, 39, '2025-01-31 17:00:00', '2025-01-31 20:30:00'),
  (193, 39, '2025-02-08 08:00:00', '2025-02-08 13:00:00'),
  (194, 39, '2025-02-19 14:15:00', '2025-02-19 17:15:00'),
  (195, 39, '2025-02-06 08:45:00', '2025-02-06 11:45:00'),
  (196, 40, '2025-01-11 17:30:00', '2025-01-11 22:00:00'),
  (197, 40, '2025-01-19 16:45:00', '2025-01-19 21:15:00'),
  (198, 40, '2025-02-17 12:15:00', '2025-02-17 15:45:00'),
  (199, 40, '2025-01-28 11:00:00', '2025-01-28 15:30:00'),
  (200, 40, '2025-01-07 19:00:00', '2025-01-07 23:00:00'),
  (201, 41, '2025-02-12 10:15:00', '2025-02-12 15:15:00'),
  (202, 41, '2025-01-22 15:15:00', '2025-01-22 20:15:00'),
  (203, 41, '2025-02-12 08:30:00', '2025-02-12 13:30:00'),
  (204, 41, '2025-01-13 17:00:00', '2025-01-13 21:30:00'),
  (205, 41, '2025-01-06 10:00:00', '2025-01-06 14:00:00'),
  (206, 42, '2025-01-10 11:00:00', '2025-01-10 14:00:00'),
  (207, 42, '2025-02-02 09:30:00', '2025-02-02 13:30:00'),
  (208, 42, '2025-01-21 12:15:00', '2025-01-21 17:15:00'),
  (209, 42, '2025-02-23 17:30:00', '2025-02-23 20:30:00'),
  (210, 42, '2025-01-08 16:45:00', '2025-01-08 20:15:00'),
  (211, 43, '2025-02-21 12:15:00', '2025-02-21 16:45:00'),
  (212, 43, '2025-01-04 16:30:00', '2025-01-04 19:30:00'),
  (213, 43, '2025-01-13 17:45:00', '2025-01-13 21:45:00'),
  (214, 43, '2025-02-28 18:45:00', '2025-02-28 21:45:00'),
  (215, 43, '2025-01-22 13:30:00', '2025-01-22 16:30:00'),
  (216, 44, '2025-02-10 08:00:00', '2025-02-10 11:00:00'),
  (217, 44, '2025-01-25 14:00:00', '2025-01-25 17:00:00'),
  (218, 44, '2025-01-30 08:00:00', '2025-01-30 11:00:00'),
  (219, 44, '2025-01-03 16:45:00', '2025-01-03 19:45:00'),
  (220, 44, '2025-02-10 08:15:00', '2025-02-10 11:15:00'),
  (221, 45, '2025-02-13 13:00:00', '2025-02-13 17:30:00'),
  (222, 45, '2025-01-24 13:45:00', '2025-01-24 17:45:00'),
  (223, 45, '2025-02-13 12:15:00', '2025-02-13 16:45:00'),
  (224, 45, '2025-02-10 16:15:00', '2025-02-10 20:45:00'),
  (225, 45, '2025-02-11 14:45:00', '2025-02-11 19:15:00'),
  (226, 46, '2025-02-16 13:15:00', '2025-02-16 17:45:00'),
  (227, 46, '2025-03-02 10:00:00', '2025-03-02 14:30:00'),
  (228, 46, '2025-01-05 08:00:00', '2025-01-05 13:00:00'),
  (229, 46, '2025-02-14 08:45:00', '2025-02-14 13:45:00'),
  (230, 46, '2025-01-25 13:15:00', '2025-01-25 17:45:00'),
  (231, 47, '2025-02-19 11:30:00', '2025-02-19 14:30:00'),
  (232, 47, '2025-01-02 16:00:00', '2025-01-02 20:00:00'),
  (233, 47, '2025-02-11 15:30:00', '2025-02-11 20:30:00'),
  (234, 47, '2025-01-02 10:15:00', '2025-01-02 14:45:00'),
  (235, 47, '2025-02-24 13:45:00', '2025-02-24 18:45:00'),
  (236, 48, '2025-01-12 17:45:00', '2025-01-12 20:45:00'),
  (237, 48, '2025-02-26 15:15:00', '2025-02-26 19:15:00'),
  (238, 48, '2025-01-02 09:30:00', '2025-01-02 14:30:00'),
  (239, 48, '2025-01-02 14:00:00', '2025-01-02 18:30:00'),
  (240, 48, '2025-01-10 13:00:00', '2025-01-10 17:00:00'),
  (241, 49, '2025-01-05 16:15:00', '2025-01-05 19:15:00'),
  (242, 49, '2025-01-04 17:15:00', '2025-01-04 22:15:00'),
  (243, 49, '2025-01-17 11:00:00', '2025-01-17 15:30:00'),
  (244, 49, '2025-01-06 13:30:00', '2025-01-06 17:30:00'),
  (245, 49, '2025-01-16 15:30:00', '2025-01-16 20:00:00'),
  (246, 50, '2025-01-08 14:15:00', '2025-01-08 17:45:00'),
  (247, 50, '2025-01-05 08:30:00', '2025-01-05 13:00:00'),
  (248, 50, '2025-01-13 12:30:00', '2025-01-13 15:30:00'),
  (249, 50, '2025-02-09 10:45:00', '2025-02-09 15:45:00'),
  (250, 50, '2025-02-27 17:30:00', '2025-02-27 22:00:00'),
  (251, 51, '2025-01-22 12:30:00', '2025-01-22 16:00:00'),
  (252, 51, '2025-02-13 15:15:00', '2025-02-13 18:45:00'),
  (253, 51, '2025-01-22 18:30:00', '2025-01-22 23:00:00'),
  (254, 51, '2025-02-17 15:30:00', '2025-02-17 19:30:00'),
  (255, 51, '2025-02-11 15:45:00', '2025-02-11 20:45:00'),
  (256, 52, '2025-01-14 09:00:00', '2025-01-14 13:30:00'),
  (257, 52, '2025-02-02 10:45:00', '2025-02-02 14:45:00'),
  (258, 52, '2025-03-02 18:15:00', '2025-03-02 22:45:00'),
  (259, 52, '2025-01-25 18:30:00', '2025-01-25 23:00:00'),
  (260, 52, '2025-02-28 09:45:00', '2025-02-28 12:45:00'),
  (261, 53, '2025-01-11 12:15:00', '2025-01-11 16:15:00'),
  (262, 53, '2025-02-25 08:15:00', '2025-02-25 11:45:00'),
  (263, 53, '2025-01-06 12:45:00', '2025-01-06 16:45:00'),
  (264, 53, '2025-01-26 16:45:00', '2025-01-26 21:45:00'),
  (265, 53, '2025-01-20 10:00:00', '2025-01-20 14:00:00'),
  (266, 54, '2025-02-24 18:15:00', '2025-02-24 22:45:00'),
  (267, 54, '2025-01-27 16:45:00', '2025-01-27 21:15:00'),
  (268, 54, '2025-01-01 14:45:00', '2025-01-01 18:45:00'),
  (269, 54, '2025-01-03 10:00:00', '2025-01-03 13:30:00'),
  (270, 54, '2025-01-06 13:15:00', '2025-01-06 17:15:00'),
  (271, 55, '2025-02-07 17:30:00', '2025-02-07 20:30:00'),
  (272, 55, '2025-01-11 18:30:00', '2025-01-11 22:30:00'),
  (273, 55, '2025-01-06 12:45:00', '2025-01-06 16:45:00'),
  (274, 55, '2025-01-09 10:45:00', '2025-01-09 15:15:00'),
  (275, 55, '2025-01-22 15:15:00', '2025-01-22 18:45:00'),
  (276, 56, '2025-01-22 13:15:00', '2025-01-22 16:15:00'),
  (277, 56, '2025-01-04 11:30:00', '2025-01-04 14:30:00'),
  (278, 56, '2025-02-10 19:15:00', '2025-02-10 22:45:00'),
  (279, 56, '2025-01-30 10:15:00', '2025-01-30 14:15:00'),
  (280, 56, '2025-01-28 18:15:00', '2025-01-28 21:45:00'),
  (281, 57, '2025-01-15 16:00:00', '2025-01-15 20:30:00'),
  (282, 57, '2025-01-15 15:00:00', '2025-01-15 18:30:00'),
  (283, 57, '2025-01-20 19:45:00', '2025-01-21 00:15:00'),
  (284, 57, '2025-01-06 14:15:00', '2025-01-06 19:15:00'),
  (285, 57, '2025-02-24 12:45:00', '2025-02-24 17:15:00'),
  (286, 58, '2025-02-09 08:00:00', '2025-02-09 13:00:00'),
  (287, 58, '2025-02-24 14:45:00', '2025-02-24 18:45:00'),
  (288, 58, '2025-02-13 18:45:00', '2025-02-13 22:15:00'),
  (289, 58, '2025-01-02 17:15:00', '2025-01-02 20:45:00'),
  (290, 58, '2025-02-17 08:30:00', '2025-02-17 12:30:00'),
  (291, 59, '2025-02-15 08:00:00', '2025-02-15 11:30:00'),
  (292, 59, '2025-01-08 11:30:00', '2025-01-08 16:00:00'),
  (293, 59, '2025-01-02 08:15:00', '2025-01-02 13:15:00'),
  (294, 59, '2025-02-15 15:30:00', '2025-02-15 19:30:00'),
  (295, 59, '2025-02-15 18:15:00', '2025-02-15 21:45:00'),
  (296, 60, '2025-01-30 10:45:00', '2025-01-30 14:45:00'),
  (297, 60, '2025-01-16 17:15:00', '2025-01-16 21:15:00'),
  (298, 60, '2025-02-21 16:30:00', '2025-02-21 20:30:00'),
  (299, 60, '2025-01-10 08:00:00', '2025-01-10 13:00:00'),
  (300, 60, '2025-02-16 14:45:00', '2025-02-16 17:45:00'),
  (301, 61, '2025-02-11 16:00:00', '2025-02-11 19:00:00'),
  (302, 61, '2025-01-21 10:00:00', '2025-01-21 14:30:00'),
  (303, 61, '2025-02-12 11:15:00', '2025-02-12 15:15:00'),
  (304, 61, '2025-01-24 19:15:00', '2025-01-24 22:45:00'),
  (305, 61, '2025-01-14 16:15:00', '2025-01-14 20:45:00'),
  (306, 62, '2025-02-06 14:00:00', '2025-02-06 17:00:00'),
  (307, 62, '2025-01-06 08:15:00', '2025-01-06 11:45:00'),
  (308, 62, '2025-01-02 17:45:00', '2025-01-02 22:15:00'),
  (309, 62, '2025-01-28 16:00:00', '2025-01-28 20:30:00'),
  (310, 62, '2025-01-17 13:45:00', '2025-01-17 17:45:00'),
  (311, 63, '2025-01-10 10:15:00', '2025-01-10 14:15:00'),
  (312, 63, '2025-02-23 15:30:00', '2025-02-23 20:00:00'),
  (313, 63, '2025-02-24 08:30:00', '2025-02-24 13:30:00'),
  (314, 63, '2025-02-28 18:30:00', '2025-02-28 23:00:00'),
  (315, 63, '2025-02-01 08:45:00', '2025-02-01 13:15:00'),
  (316, 64, '2025-02-22 13:45:00', '2025-02-22 18:15:00'),
  (317, 64, '2025-01-11 10:00:00', '2025-01-11 13:00:00'),
  (318, 64, '2025-01-20 12:00:00', '2025-01-20 15:00:00'),
  (319, 64, '2025-02-17 12:15:00', '2025-02-17 17:15:00'),
  (320, 64, '2025-02-22 18:00:00', '2025-02-22 21:00:00'),
  (321, 65, '2025-01-10 17:45:00', '2025-01-10 20:45:00'),
  (322, 65, '2025-02-09 08:30:00', '2025-02-09 12:00:00'),
  (323, 65, '2025-02-16 09:15:00', '2025-02-16 12:15:00'),
  (324, 65, '2025-02-04 11:30:00', '2025-02-04 15:00:00'),
  (325, 65, '2025-02-17 10:00:00', '2025-02-17 14:00:00'),
  (326, 66, '2025-03-01 17:15:00', '2025-03-01 21:45:00'),
  (327, 66, '2025-02-20 08:30:00', '2025-02-20 12:30:00'),
  (328, 66, '2025-01-28 16:00:00', '2025-01-28 20:30:00'),
  (329, 66, '2025-02-04 15:45:00', '2025-02-04 19:15:00'),
  (330, 66, '2025-01-04 15:45:00', '2025-01-04 19:45:00'),
  (331, 67, '2025-01-27 10:15:00', '2025-01-27 14:15:00'),
  (332, 67, '2025-02-24 10:00:00', '2025-02-24 15:00:00'),
  (333, 67, '2025-01-16 15:45:00', '2025-01-16 19:45:00'),
  (334, 67, '2025-02-17 18:45:00', '2025-02-17 22:45:00'),
  (335, 67, '2025-01-18 12:45:00', '2025-01-18 17:15:00'),
  (336, 68, '2025-02-24 09:30:00', '2025-02-24 13:00:00'),
  (337, 68, '2025-01-22 13:30:00', '2025-01-22 17:30:00'),
  (338, 68, '2025-01-16 10:30:00', '2025-01-16 15:30:00'),
  (339, 68, '2025-02-20 08:30:00', '2025-02-20 13:00:00'),
  (340, 68, '2025-01-18 18:15:00', '2025-01-18 21:15:00'),
  (341, 69, '2025-02-13 09:45:00', '2025-02-13 13:45:00'),
  (342, 69, '2025-01-15 15:45:00', '2025-01-15 19:15:00'),
  (343, 69, '2025-02-02 13:15:00', '2025-02-02 17:15:00'),
  (344, 69, '2025-01-17 11:45:00', '2025-01-17 15:45:00'),
  (345, 69, '2025-02-21 17:30:00', '2025-02-21 22:30:00'),
  (346, 70, '2025-01-17 15:30:00', '2025-01-17 18:30:00'),
  (347, 70, '2025-01-23 18:30:00', '2025-01-23 22:30:00'),
  (348, 70, '2025-01-16 10:30:00', '2025-01-16 15:00:00'),
  (349, 70, '2025-02-10 14:15:00', '2025-02-10 17:45:00'),
  (350, 70, '2025-02-10 11:45:00', '2025-02-10 16:15:00'),
  (351, 71, '2025-02-09 11:45:00', '2025-02-09 15:15:00'),
  (352, 71, '2025-02-11 14:45:00', '2025-02-11 18:45:00'),
  (353, 71, '2025-01-05 16:00:00', '2025-01-05 20:00:00'),
  (354, 71, '2025-01-06 09:45:00', '2025-01-06 12:45:00'),
  (355, 71, '2025-01-22 11:45:00', '2025-01-22 15:15:00'),
  (356, 72, '2025-01-25 08:30:00', '2025-01-25 12:30:00'),
  (357, 72, '2025-02-27 19:45:00', '2025-02-27 23:45:00'),
  (358, 72, '2025-02-04 18:30:00', '2025-02-04 23:30:00'),
  (359, 72, '2025-02-18 08:30:00', '2025-02-18 13:30:00'),
  (360, 72, '2025-02-26 12:00:00', '2025-02-26 16:00:00'),
  (361, 73, '2025-01-07 13:15:00', '2025-01-07 16:15:00'),
  (362, 73, '2025-01-17 17:45:00', '2025-01-17 21:15:00'),
  (363, 73, '2025-01-28 16:00:00', '2025-01-28 19:00:00'),
  (364, 73, '2025-02-08 15:30:00', '2025-02-08 19:00:00'),
  (365, 73, '2025-01-05 10:30:00', '2025-01-05 14:00:00'),
  (366, 74, '2025-01-10 15:45:00', '2025-01-10 19:45:00'),
  (367, 74, '2025-01-11 13:00:00', '2025-01-11 17:00:00'),
  (368, 74, '2025-02-01 15:00:00', '2025-02-01 19:30:00'),
  (369, 74, '2025-02-05 08:30:00', '2025-02-05 13:30:00'),
  (370, 74, '2025-01-09 08:15:00', '2025-01-09 12:45:00'),
  (371, 75, '2025-02-12 19:30:00', '2025-02-12 22:30:00'),
  (372, 75, '2025-02-02 17:00:00', '2025-02-02 21:00:00'),
  (373, 75, '2025-01-27 16:15:00', '2025-01-27 19:45:00'),
  (374, 75, '2025-02-08 15:45:00', '2025-02-08 20:45:00'),
  (375, 75, '2025-02-15 08:45:00', '2025-02-15 13:45:00'),
  (376, 76, '2025-02-03 18:15:00', '2025-02-03 22:15:00'),
  (377, 76, '2025-02-19 15:15:00', '2025-02-19 19:45:00'),
  (378, 76, '2025-03-02 17:45:00', '2025-03-02 21:45:00'),
  (379, 76, '2025-03-01 12:15:00', '2025-03-01 15:45:00'),
  (380, 76, '2025-01-30 12:45:00', '2025-01-30 16:45:00'),
  (381, 77, '2025-01-05 13:45:00', '2025-01-05 17:15:00'),
  (382, 77, '2025-01-16 16:30:00', '2025-01-16 19:30:00'),
  (383, 77, '2025-02-24 15:30:00', '2025-02-24 19:30:00'),
  (384, 77, '2025-02-18 11:45:00', '2025-02-18 16:15:00'),
  (385, 77, '2025-01-21 09:45:00', '2025-01-21 14:45:00'),
  (386, 78, '2025-03-02 09:45:00', '2025-03-02 12:45:00'),
  (387, 78, '2025-02-21 17:30:00', '2025-02-21 20:30:00'),
  (388, 78, '2025-02-26 17:45:00', '2025-02-26 21:15:00'),
  (389, 78, '2025-01-11 17:15:00', '2025-01-11 20:45:00'),
  (390, 78, '2025-01-29 18:00:00', '2025-01-29 23:00:00'),
  (391, 79, '2025-02-15 16:30:00', '2025-02-15 20:00:00'),
  (392, 79, '2025-01-07 14:45:00', '2025-01-07 19:15:00'),
  (393, 79, '2025-02-20 10:00:00', '2025-02-20 13:00:00'),
  (394, 79, '2025-01-08 11:15:00', '2025-01-08 16:15:00'),
  (395, 79, '2025-01-06 15:45:00', '2025-01-06 20:15:00'),
  (396, 80, '2025-02-03 13:15:00', '2025-02-03 17:15:00'),
  (397, 80, '2025-01-28 12:30:00', '2025-01-28 16:00:00'),
  (398, 80, '2025-02-20 14:45:00', '2025-02-20 18:45:00'),
  (399, 80, '2025-03-01 19:45:00', '2025-03-01 23:15:00'),
  (400, 80, '2025-02-23 14:45:00', '2025-02-23 19:45:00'),
  (401, 81, '2025-02-26 14:30:00', '2025-02-26 19:00:00'),
  (402, 81, '2025-01-02 15:15:00', '2025-01-02 20:15:00'),
  (403, 81, '2025-02-02 16:45:00', '2025-02-02 20:15:00'),
  (404, 81, '2025-01-19 08:30:00', '2025-01-19 11:30:00'),
  (405, 81, '2025-01-13 10:45:00', '2025-01-13 15:45:00'),
  (406, 82, '2025-02-04 12:00:00', '2025-02-04 16:00:00'),
  (407, 82, '2025-02-15 14:00:00', '2025-02-15 18:30:00'),
  (408, 82, '2025-01-03 19:15:00', '2025-01-04 00:15:00'),
  (409, 82, '2025-02-14 18:30:00', '2025-02-14 23:30:00'),
  (410, 82, '2025-01-08 11:15:00', '2025-01-08 14:45:00'),
  (411, 83, '2025-02-19 08:30:00', '2025-02-19 12:30:00'),
  (412, 83, '2025-01-20 16:30:00', '2025-01-20 20:30:00'),
  (413, 83, '2025-01-09 11:30:00', '2025-01-09 14:30:00'),
  (414, 83, '2025-02-09 15:45:00', '2025-02-09 19:15:00'),
  (415, 83, '2025-01-07 14:00:00', '2025-01-07 18:00:00'),
  (416, 84, '2025-02-23 10:45:00', '2025-02-23 15:15:00'),
  (417, 84, '2025-01-28 10:30:00', '2025-01-28 13:30:00'),
  (418, 84, '2025-01-25 19:00:00', '2025-01-25 22:00:00'),
  (419, 84, '2025-01-23 12:15:00', '2025-01-23 16:45:00'),
  (420, 84, '2025-02-22 14:45:00', '2025-02-22 18:45:00'),
  (421, 85, '2025-01-10 18:45:00', '2025-01-10 23:15:00'),
  (422, 85, '2025-02-26 12:00:00', '2025-02-26 16:00:00'),
  (423, 85, '2025-01-04 09:00:00', '2025-01-04 12:00:00'),
  (424, 85, '2025-02-19 14:00:00', '2025-02-19 17:00:00'),
  (425, 85, '2025-02-20 08:30:00', '2025-02-20 12:30:00'),
  (426, 86, '2025-01-26 08:15:00', '2025-01-26 12:15:00'),
  (427, 86, '2025-01-28 08:30:00', '2025-01-28 12:30:00'),
  (428, 86, '2025-02-21 14:15:00', '2025-02-21 19:15:00'),
  (429, 86, '2025-01-11 08:45:00', '2025-01-11 12:15:00'),
  (430, 86, '2025-02-01 16:30:00', '2025-02-01 19:30:00'),
  (431, 87, '2025-02-09 13:00:00', '2025-02-09 16:30:00'),
  (432, 87, '2025-01-10 09:45:00', '2025-01-10 12:45:00'),
  (433, 87, '2025-01-17 15:30:00', '2025-01-17 18:30:00'),
  (434, 87, '2025-02-04 11:15:00', '2025-02-04 14:45:00'),
  (435, 87, '2025-01-20 08:30:00', '2025-01-20 12:00:00'),
  (436, 88, '2025-02-11 08:30:00', '2025-02-11 11:30:00'),
  (437, 88, '2025-01-30 17:00:00', '2025-01-30 22:00:00'),
  (438, 88, '2025-01-26 18:00:00', '2025-01-26 21:30:00'),
  (439, 88, '2025-01-12 13:00:00', '2025-01-12 16:30:00'),
  (440, 88, '2025-01-15 14:30:00', '2025-01-15 17:30:00'),
  (441, 89, '2025-01-01 12:15:00', '2025-01-01 15:15:00'),
  (442, 89, '2025-02-15 10:30:00', '2025-02-15 15:00:00'),
  (443, 89, '2025-02-11 09:00:00', '2025-02-11 13:00:00'),
  (444, 89, '2025-02-06 11:00:00', '2025-02-06 15:30:00'),
  (445, 89, '2025-02-04 19:45:00', '2025-02-05 00:45:00'),
  (446, 90, '2025-01-12 17:15:00', '2025-01-12 22:15:00'),
  (447, 90, '2025-02-26 10:00:00', '2025-02-26 13:00:00'),
  (448, 90, '2025-02-02 16:30:00', '2025-02-02 21:00:00'),
  (449, 90, '2025-01-20 11:15:00', '2025-01-20 15:45:00'),
  (450, 90, '2025-02-03 13:45:00', '2025-02-03 18:15:00'),
  (451, 91, '2025-02-12 15:00:00', '2025-02-12 20:00:00'),
  (452, 91, '2025-01-13 09:00:00', '2025-01-13 14:00:00'),
  (453, 91, '2025-03-01 08:30:00', '2025-03-01 12:00:00'),
  (454, 91, '2025-02-15 16:15:00', '2025-02-15 21:15:00'),
  (455, 91, '2025-01-04 17:15:00', '2025-01-04 20:15:00'),
  (456, 92, '2025-02-15 16:00:00', '2025-02-15 20:30:00'),
  (457, 92, '2025-02-22 11:15:00', '2025-02-22 15:15:00'),
  (458, 92, '2025-02-12 14:00:00', '2025-02-12 17:00:00'),
  (459, 92, '2025-01-03 14:15:00', '2025-01-03 18:15:00'),
  (460, 92, '2025-01-15 09:45:00', '2025-01-15 14:15:00'),
  (461, 93, '2025-02-20 14:15:00', '2025-02-20 18:15:00'),
  (462, 93, '2025-01-13 19:00:00', '2025-01-13 23:30:00'),
  (463, 93, '2025-01-03 08:45:00', '2025-01-03 11:45:00'),
  (464, 93, '2025-02-08 09:30:00', '2025-02-08 12:30:00'),
  (465, 93, '2025-01-22 16:30:00', '2025-01-22 21:30:00'),
  (466, 94, '2025-01-21 09:00:00', '2025-01-21 12:00:00'),
  (467, 94, '2025-02-28 09:00:00', '2025-02-28 13:30:00'),
  (468, 94, '2025-01-15 08:00:00', '2025-01-15 12:00:00'),
  (469, 94, '2025-01-14 15:30:00', '2025-01-14 19:00:00'),
  (470, 94, '2025-01-05 12:00:00', '2025-01-05 15:00:00'),
  (471, 95, '2025-02-12 13:00:00', '2025-02-12 17:00:00'),
  (472, 95, '2025-01-27 17:15:00', '2025-01-27 21:45:00'),
  (473, 95, '2025-01-10 12:15:00', '2025-01-10 16:45:00'),
  (474, 95, '2025-02-27 13:00:00', '2025-02-27 16:30:00'),
  (475, 95, '2025-02-06 09:00:00', '2025-02-06 13:30:00'),
  (476, 96, '2025-01-19 16:15:00', '2025-01-19 20:15:00'),
  (477, 96, '2025-01-23 13:30:00', '2025-01-23 18:00:00'),
  (478, 96, '2025-02-04 18:00:00', '2025-02-04 23:00:00'),
  (479, 96, '2025-01-19 09:45:00', '2025-01-19 14:45:00'),
  (480, 96, '2025-03-01 11:30:00', '2025-03-01 15:00:00'),
  (481, 97, '2025-02-01 13:00:00', '2025-02-01 17:00:00'),
  (482, 97, '2025-02-02 08:15:00', '2025-02-02 11:45:00'),
  (483, 97, '2025-02-13 17:30:00', '2025-02-13 21:00:00'),
  (484, 97, '2025-01-15 14:30:00', '2025-01-15 19:00:00'),
  (485, 97, '2025-01-08 09:15:00', '2025-01-08 12:45:00'),
  (486, 98, '2025-02-10 12:45:00', '2025-02-10 17:45:00'),
  (487, 98, '2025-01-29 16:15:00', '2025-01-29 19:45:00'),
  (488, 98, '2025-01-23 15:00:00', '2025-01-23 19:30:00'),
  (489, 98, '2025-02-25 09:00:00', '2025-02-25 12:30:00'),
  (490, 98, '2025-02-18 19:15:00', '2025-02-18 23:45:00'),
  (491, 99, '2025-01-29 09:45:00', '2025-01-29 14:15:00'),
  (492, 99, '2025-02-07 15:00:00', '2025-02-07 19:00:00'),
  (493, 99, '2025-01-10 15:30:00', '2025-01-10 19:30:00'),
  (494, 99, '2025-02-12 10:45:00', '2025-02-12 15:15:00'),
  (495, 99, '2025-01-21 19:30:00', '2025-01-22 00:00:00'),
  (496, 100, '2025-02-05 11:00:00', '2025-02-05 16:00:00'),
  (497, 100, '2025-01-07 08:30:00', '2025-01-07 12:30:00'),
  (498, 100, '2025-02-22 18:00:00', '2025-02-22 21:00:00'),
  (499, 100, '2025-01-03 17:00:00', '2025-01-03 21:30:00'),
  (500, 100, '2025-01-30 11:30:00', '2025-01-30 16:30:00'),
  (501, 101, '2025-01-28 11:30:00', '2025-01-28 16:30:00'),
  (502, 101, '2025-01-09 13:00:00', '2025-01-09 16:30:00'),
  (503, 101, '2025-02-07 10:15:00', '2025-02-07 15:15:00'),
  (504, 101, '2025-03-01 19:30:00', '2025-03-02 00:00:00'),
  (505, 101, '2025-01-04 19:15:00', '2025-01-04 22:45:00'),
  (506, 102, '2025-01-26 08:00:00', '2025-01-26 11:00:00'),
  (507, 102, '2025-02-17 09:45:00', '2025-02-17 12:45:00'),
  (508, 102, '2025-01-01 18:45:00', '2025-01-01 22:45:00'),
  (509, 102, '2025-02-20 16:30:00', '2025-02-20 20:00:00'),
  (510, 102, '2025-02-12 10:30:00', '2025-02-12 13:30:00'),
  (511, 103, '2025-02-22 16:45:00', '2025-02-22 20:45:00'),
  (512, 103, '2025-02-16 09:30:00', '2025-02-16 13:30:00'),
  (513, 103, '2025-01-14 18:30:00', '2025-01-14 21:30:00'),
  (514, 103, '2025-02-12 17:45:00', '2025-02-12 20:45:00'),
  (515, 103, '2025-01-04 13:45:00', '2025-01-04 17:15:00'),
  (516, 104, '2025-02-15 14:15:00', '2025-02-15 18:15:00'),
  (517, 104, '2025-02-24 18:00:00', '2025-02-24 22:00:00'),
  (518, 104, '2025-02-28 17:30:00', '2025-02-28 21:30:00'),
  (519, 104, '2025-01-16 08:45:00', '2025-01-16 13:15:00'),
  (520, 104, '2025-01-05 16:45:00', '2025-01-05 20:45:00'),
  (521, 105, '2025-02-05 10:30:00', '2025-02-05 15:30:00'),
  (522, 105, '2025-01-20 11:00:00', '2025-01-20 15:30:00'),
  (523, 105, '2025-01-25 09:30:00', '2025-01-25 12:30:00'),
  (524, 105, '2025-03-02 11:30:00', '2025-03-02 14:30:00'),
  (525, 105, '2025-02-14 15:30:00', '2025-02-14 20:30:00'),
  (526, 106, '2025-01-21 17:45:00', '2025-01-21 21:45:00'),
  (527, 106, '2025-02-24 16:45:00', '2025-02-24 19:45:00'),
  (528, 106, '2025-02-02 10:15:00', '2025-02-02 13:15:00'),
  (529, 106, '2025-01-07 10:15:00', '2025-01-07 14:45:00'),
  (530, 106, '2025-02-04 12:15:00', '2025-02-04 15:45:00'),
  (531, 107, '2025-01-15 18:15:00', '2025-01-15 21:15:00'),
  (532, 107, '2025-02-19 08:15:00', '2025-02-19 12:45:00'),
  (533, 107, '2025-01-28 13:45:00', '2025-01-28 17:15:00'),
  (534, 107, '2025-02-23 10:15:00', '2025-02-23 14:15:00'),
  (535, 107, '2025-01-16 18:00:00', '2025-01-16 22:00:00'),
  (536, 108, '2025-01-28 14:45:00', '2025-01-28 18:45:00'),
  (537, 108, '2025-02-24 18:30:00', '2025-02-24 22:30:00'),
  (538, 108, '2025-01-01 15:45:00', '2025-01-01 19:45:00'),
  (539, 108, '2025-01-19 15:00:00', '2025-01-19 18:00:00'),
  (540, 108, '2025-02-28 13:30:00', '2025-02-28 16:30:00'),
  (541, 109, '2025-02-22 17:00:00', '2025-02-22 20:00:00'),
  (542, 109, '2025-02-07 19:45:00', '2025-02-08 00:15:00'),
  (543, 109, '2025-03-01 12:45:00', '2025-03-01 17:15:00'),
  (544, 109, '2025-01-21 17:15:00', '2025-01-21 21:15:00'),
  (545, 109, '2025-02-14 09:00:00', '2025-02-14 13:00:00'),
  (546, 110, '2025-02-19 09:15:00', '2025-02-19 13:15:00'),
  (547, 110, '2025-02-13 18:00:00', '2025-02-13 23:00:00'),
  (548, 110, '2025-01-20 16:30:00', '2025-01-20 20:00:00'),
  (549, 110, '2025-01-03 19:30:00', '2025-01-04 00:30:00'),
  (550, 110, '2025-02-17 09:45:00', '2025-02-17 13:45:00'),
  (551, 111, '2025-01-15 09:30:00', '2025-01-15 14:30:00'),
  (552, 111, '2025-02-07 11:15:00', '2025-02-07 16:15:00'),
  (553, 111, '2025-02-17 14:00:00', '2025-02-17 19:00:00'),
  (554, 111, '2025-01-14 12:30:00', '2025-01-14 17:00:00'),
  (555, 111, '2025-01-04 13:30:00', '2025-01-04 16:30:00'),
  (556, 112, '2025-01-14 12:30:00', '2025-01-14 16:30:00'),
  (557, 112, '2025-02-08 16:30:00', '2025-02-08 19:30:00'),
  (558, 112, '2025-02-05 13:15:00', '2025-02-05 18:15:00'),
  (559, 112, '2025-02-14 12:00:00', '2025-02-14 15:00:00'),
  (560, 112, '2025-01-12 19:45:00', '2025-01-13 00:15:00'),
  (561, 113, '2025-02-18 19:45:00', '2025-02-19 00:45:00'),
  (562, 113, '2025-02-24 09:30:00', '2025-02-24 14:30:00'),
  (563, 113, '2025-02-23 15:00:00', '2025-02-23 20:00:00'),
  (564, 113, '2025-02-24 10:45:00', '2025-02-24 13:45:00'),
  (565, 113, '2025-02-15 19:15:00', '2025-02-15 23:45:00'),
  (566, 114, '2025-02-10 12:00:00', '2025-02-10 17:00:00'),
  (567, 114, '2025-02-23 15:00:00', '2025-02-23 20:00:00'),
  (568, 114, '2025-01-25 16:00:00', '2025-01-25 21:00:00'),
  (569, 114, '2025-02-16 15:45:00', '2025-02-16 20:15:00'),
  (570, 114, '2025-01-09 14:15:00', '2025-01-09 18:45:00'),
  (571, 115, '2025-01-02 18:30:00', '2025-01-02 23:00:00'),
  (572, 115, '2025-01-15 16:00:00', '2025-01-15 20:00:00'),
  (573, 115, '2025-02-07 18:45:00', '2025-02-07 23:15:00'),
  (574, 115, '2025-02-25 10:15:00', '2025-02-25 15:15:00'),
  (575, 115, '2025-01-02 14:00:00', '2025-01-02 18:00:00'),
  (576, 116, '2025-01-15 15:30:00', '2025-01-15 20:30:00'),
  (577, 116, '2025-02-17 08:45:00', '2025-02-17 11:45:00'),
  (578, 116, '2025-03-02 12:45:00', '2025-03-02 17:45:00'),
  (579, 116, '2025-02-05 17:15:00', '2025-02-05 22:15:00'),
  (580, 116, '2025-01-15 09:00:00', '2025-01-15 14:00:00'),
  (581, 117, '2025-01-28 08:15:00', '2025-01-28 12:15:00'),
  (582, 117, '2025-02-15 19:15:00', '2025-02-15 23:15:00'),
  (583, 117, '2025-01-06 09:00:00', '2025-01-06 14:00:00'),
  (584, 117, '2025-01-11 19:00:00', '2025-01-11 22:30:00'),
  (585, 117, '2025-02-13 13:15:00', '2025-02-13 16:45:00'),
  (586, 118, '2025-01-06 12:45:00', '2025-01-06 16:15:00'),
  (587, 118, '2025-01-02 10:45:00', '2025-01-02 14:15:00'),
  (588, 118, '2025-01-15 14:45:00', '2025-01-15 18:15:00'),
  (589, 118, '2025-02-17 11:30:00', '2025-02-17 14:30:00'),
  (590, 118, '2025-02-11 14:45:00', '2025-02-11 19:45:00'),
  (591, 119, '2025-02-09 18:15:00', '2025-02-09 23:15:00'),
  (592, 119, '2025-01-21 12:45:00', '2025-01-21 16:45:00'),
  (593, 119, '2025-02-02 10:45:00', '2025-02-02 15:45:00'),
  (594, 119, '2025-02-13 11:45:00', '2025-02-13 16:45:00'),
  (595, 119, '2025-02-21 15:45:00', '2025-02-21 19:15:00'),
  (596, 120, '2025-02-09 09:00:00', '2025-02-09 12:30:00'),
  (597, 120, '2025-03-02 17:00:00', '2025-03-02 22:00:00'),
  (598, 120, '2025-02-06 19:45:00', '2025-02-06 23:15:00'),
  (599, 120, '2025-01-05 13:30:00', '2025-01-05 16:30:00'),
  (600, 120, '2025-01-18 17:15:00', '2025-01-18 21:45:00'),
  (601, 121, '2025-03-01 09:30:00', '2025-03-01 13:30:00'),
  (602, 121, '2025-01-19 17:00:00', '2025-01-19 21:30:00'),
  (603, 121, '2025-02-09 09:15:00', '2025-02-09 13:15:00'),
  (604, 121, '2025-01-04 11:15:00', '2025-01-04 15:15:00'),
  (605, 121, '2025-02-04 16:15:00', '2025-02-04 21:15:00'),
  (606, 122, '2025-02-07 13:00:00', '2025-02-07 16:00:00'),
  (607, 122, '2025-02-09 10:30:00', '2025-02-09 13:30:00'),
  (608, 122, '2025-02-08 09:30:00', '2025-02-08 12:30:00'),
  (609, 122, '2025-02-02 14:45:00', '2025-02-02 18:45:00'),
  (610, 122, '2025-01-23 19:30:00', '2025-01-23 23:00:00'),
  (611, 123, '2025-01-28 15:30:00', '2025-01-28 18:30:00'),
  (612, 123, '2025-01-05 09:00:00', '2025-01-05 12:00:00'),
  (613, 123, '2025-02-23 12:00:00', '2025-02-23 17:00:00'),
  (614, 123, '2025-03-01 10:15:00', '2025-03-01 13:45:00'),
  (615, 123, '2025-02-19 16:45:00', '2025-02-19 21:45:00'),
  (616, 124, '2025-01-09 08:15:00', '2025-01-09 11:15:00'),
  (617, 124, '2025-02-08 17:15:00', '2025-02-08 20:15:00'),
  (618, 124, '2025-01-03 13:15:00', '2025-01-03 18:15:00'),
  (619, 124, '2025-01-15 18:00:00', '2025-01-15 22:30:00'),
  (620, 124, '2025-02-20 19:30:00', '2025-02-20 23:30:00'),
  (621, 125, '2025-01-01 14:15:00', '2025-01-01 17:15:00'),
  (622, 125, '2025-01-08 19:00:00', '2025-01-08 23:30:00'),
  (623, 125, '2025-02-01 14:00:00', '2025-02-01 17:00:00'),
  (624, 125, '2025-01-05 18:00:00', '2025-01-05 22:30:00'),
  (625, 125, '2025-01-05 12:30:00', '2025-01-05 17:00:00'),
  (626, 126, '2025-01-28 11:15:00', '2025-01-28 16:15:00'),
  (627, 126, '2025-01-25 09:15:00', '2025-01-25 12:15:00'),
  (628, 126, '2025-01-19 15:15:00', '2025-01-19 20:15:00'),
  (629, 126, '2025-02-03 18:15:00', '2025-02-03 21:45:00'),
  (630, 126, '2025-02-28 18:45:00', '2025-02-28 23:45:00'),
  (631, 127, '2025-01-28 12:00:00', '2025-01-28 15:00:00'),
  (632, 127, '2025-02-26 09:30:00', '2025-02-26 12:30:00'),
  (633, 127, '2025-02-23 14:15:00', '2025-02-23 18:45:00'),
  (634, 127, '2025-01-22 11:15:00', '2025-01-22 15:15:00'),
  (635, 127, '2025-01-03 18:45:00', '2025-01-03 23:15:00'),
  (636, 128, '2025-02-04 14:30:00', '2025-02-04 17:30:00'),
  (637, 128, '2025-01-12 09:45:00', '2025-01-12 14:15:00'),
  (638, 128, '2025-01-01 12:00:00', '2025-01-01 15:00:00'),
  (639, 128, '2025-02-27 13:15:00', '2025-02-27 18:15:00'),
  (640, 128, '2025-02-02 12:15:00', '2025-02-02 16:45:00'),
  (641, 129, '2025-01-24 13:45:00', '2025-01-24 18:15:00'),
  (642, 129, '2025-01-14 09:00:00', '2025-01-14 12:30:00'),
  (643, 129, '2025-02-05 09:45:00', '2025-02-05 14:15:00'),
  (644, 129, '2025-02-20 15:45:00', '2025-02-20 20:45:00'),
  (645, 129, '2025-02-06 08:45:00', '2025-02-06 12:45:00'),
  (646, 130, '2025-02-14 13:00:00', '2025-02-14 18:00:00'),
  (647, 130, '2025-01-27 14:15:00', '2025-01-27 18:45:00'),
  (648, 130, '2025-02-14 10:30:00', '2025-02-14 14:00:00'),
  (649, 130, '2025-01-14 18:00:00', '2025-01-14 21:00:00'),
  (650, 130, '2025-02-28 10:30:00', '2025-02-28 15:00:00'),
  (651, 131, '2025-01-25 08:00:00', '2025-01-25 11:00:00'),
  (652, 131, '2025-01-14 14:00:00', '2025-01-14 19:00:00'),
  (653, 131, '2025-01-01 10:30:00', '2025-01-01 13:30:00'),
  (654, 131, '2025-02-08 15:45:00', '2025-02-08 18:45:00'),
  (655, 131, '2025-02-16 19:00:00', '2025-02-16 23:30:00'),
  (656, 132, '2025-01-23 12:30:00', '2025-01-23 16:30:00'),
  (657, 132, '2025-01-31 09:45:00', '2025-01-31 13:15:00'),
  (658, 132, '2025-01-11 17:00:00', '2025-01-11 22:00:00'),
  (659, 132, '2025-02-08 15:30:00', '2025-02-08 19:00:00'),
  (660, 132, '2025-02-18 14:00:00', '2025-02-18 17:30:00'),
  (661, 133, '2025-02-26 08:45:00', '2025-02-26 13:45:00'),
  (662, 133, '2025-02-15 17:30:00', '2025-02-15 22:30:00'),
  (663, 133, '2025-02-02 13:00:00', '2025-02-02 17:00:00'),
  (664, 133, '2025-03-02 15:15:00', '2025-03-02 20:15:00'),
  (665, 133, '2025-02-20 11:45:00', '2025-02-20 15:45:00'),
  (666, 134, '2025-02-01 14:00:00', '2025-02-01 19:00:00'),
  (667, 134, '2025-02-05 17:00:00', '2025-02-05 21:30:00'),
  (668, 134, '2025-01-29 19:15:00', '2025-01-29 22:45:00'),
  (669, 134, '2025-01-16 11:00:00', '2025-01-16 16:00:00'),
  (670, 134, '2025-02-25 19:30:00', '2025-02-25 23:00:00'),
  (671, 135, '2025-02-09 19:00:00', '2025-02-09 23:30:00'),
  (672, 135, '2025-01-09 17:45:00', '2025-01-09 22:15:00'),
  (673, 135, '2025-02-11 10:30:00', '2025-02-11 15:30:00'),
  (674, 135, '2025-01-23 11:15:00', '2025-01-23 15:45:00'),
  (675, 135, '2025-01-30 15:45:00', '2025-01-30 20:15:00'),
  (676, 136, '2025-02-09 10:30:00', '2025-02-09 14:00:00'),
  (677, 136, '2025-01-18 10:30:00', '2025-01-18 15:30:00'),
  (678, 136, '2025-02-17 10:30:00', '2025-02-17 14:30:00'),
  (679, 136, '2025-01-16 14:30:00', '2025-01-16 18:30:00'),
  (680, 136, '2025-02-02 08:15:00', '2025-02-02 12:45:00'),
  (681, 137, '2025-01-23 16:30:00', '2025-01-23 21:30:00'),
  (682, 137, '2025-02-05 10:00:00', '2025-02-05 14:00:00'),
  (683, 137, '2025-02-05 08:45:00', '2025-02-05 13:15:00'),
  (684, 137, '2025-01-12 17:00:00', '2025-01-12 21:30:00'),
  (685, 137, '2025-01-22 15:00:00', '2025-01-22 20:00:00'),
  (686, 138, '2025-02-17 19:15:00', '2025-02-17 23:15:00'),
  (687, 138, '2025-02-20 10:30:00', '2025-02-20 14:00:00'),
  (688, 138, '2025-01-06 15:45:00', '2025-01-06 19:45:00'),
  (689, 138, '2025-02-18 18:15:00', '2025-02-18 21:45:00'),
  (690, 138, '2025-01-10 10:45:00', '2025-01-10 14:45:00'),
  (691, 139, '2025-02-15 18:00:00', '2025-02-15 22:00:00'),
  (692, 139, '2025-01-19 15:45:00', '2025-01-19 19:45:00'),
  (693, 139, '2025-02-16 17:00:00', '2025-02-16 20:00:00'),
  (694, 139, '2025-01-22 10:45:00', '2025-01-22 14:15:00'),
  (695, 139, '2025-02-02 18:15:00', '2025-02-02 21:45:00'),
  (696, 140, '2025-01-05 11:15:00', '2025-01-05 15:45:00'),
  (697, 140, '2025-03-02 14:00:00', '2025-03-02 18:00:00'),
  (698, 140, '2025-02-17 10:15:00', '2025-02-17 13:45:00'),
  (699, 140, '2025-01-16 13:45:00', '2025-01-16 18:15:00'),
  (700, 140, '2025-02-05 09:15:00', '2025-02-05 12:45:00'),
  (701, 141, '2025-01-09 09:45:00', '2025-01-09 13:45:00'),
  (702, 141, '2025-02-19 16:30:00', '2025-02-19 20:30:00'),
  (703, 141, '2025-01-11 13:15:00', '2025-01-11 16:45:00'),
  (704, 141, '2025-01-08 19:00:00', '2025-01-09 00:00:00'),
  (705, 141, '2025-02-09 19:15:00', '2025-02-09 23:15:00'),
  (706, 142, '2025-02-16 19:00:00', '2025-02-17 00:00:00'),
  (707, 142, '2025-01-02 10:30:00', '2025-01-02 15:00:00'),
  (708, 142, '2025-02-12 13:30:00', '2025-02-12 18:30:00'),
  (709, 142, '2025-01-03 12:15:00', '2025-01-03 17:15:00'),
  (710, 142, '2025-02-21 11:15:00', '2025-02-21 16:15:00'),
  (711, 143, '2025-01-21 09:30:00', '2025-01-21 14:00:00'),
  (712, 143, '2025-01-17 09:00:00', '2025-01-17 12:30:00'),
  (713, 143, '2025-01-10 14:00:00', '2025-01-10 17:00:00'),
  (714, 143, '2025-01-14 14:00:00', '2025-01-14 19:00:00'),
  (715, 143, '2025-01-17 08:45:00', '2025-01-17 11:45:00'),
  (716, 144, '2025-02-07 17:30:00', '2025-02-07 21:30:00'),
  (717, 144, '2025-02-17 16:00:00', '2025-02-17 19:30:00'),
  (718, 144, '2025-01-06 14:15:00', '2025-01-06 17:45:00'),
  (719, 144, '2025-01-17 10:15:00', '2025-01-17 13:15:00'),
  (720, 144, '2025-03-01 14:30:00', '2025-03-01 18:30:00'),
  (721, 145, '2025-02-01 12:00:00', '2025-02-01 17:00:00'),
  (722, 145, '2025-02-09 12:30:00', '2025-02-09 17:00:00'),
  (723, 145, '2025-02-02 18:45:00', '2025-02-02 23:45:00'),
  (724, 145, '2025-02-02 18:00:00', '2025-02-02 21:00:00'),
  (725, 145, '2025-02-20 19:30:00', '2025-02-20 23:30:00'),
  (726, 146, '2025-01-15 09:00:00', '2025-01-15 13:00:00'),
  (727, 146, '2025-01-02 19:15:00', '2025-01-02 23:15:00'),
  (728, 146, '2025-01-11 12:45:00', '2025-01-11 16:45:00'),
  (729, 146, '2025-01-10 18:30:00', '2025-01-10 22:30:00'),
  (730, 146, '2025-02-19 12:30:00', '2025-02-19 15:30:00'),
  (731, 147, '2025-01-07 17:45:00', '2025-01-07 20:45:00'),
  (732, 147, '2025-02-19 16:15:00', '2025-02-19 21:15:00'),
  (733, 147, '2025-02-01 16:15:00', '2025-02-01 19:45:00'),
  (734, 147, '2025-02-24 11:15:00', '2025-02-24 14:15:00'),
  (735, 147, '2025-02-04 09:30:00', '2025-02-04 13:00:00'),
  (736, 148, '2025-01-16 19:15:00', '2025-01-17 00:15:00'),
  (737, 148, '2025-02-14 08:00:00', '2025-02-14 13:00:00'),
  (738, 148, '2025-02-07 18:00:00', '2025-02-07 21:30:00'),
  (739, 148, '2025-01-31 08:30:00', '2025-01-31 13:00:00'),
  (740, 148, '2025-01-04 08:15:00', '2025-01-04 12:15:00'),
  (741, 149, '2025-01-11 15:00:00', '2025-01-11 20:00:00'),
  (742, 149, '2025-01-03 09:15:00', '2025-01-03 13:15:00'),
  (743, 149, '2025-03-02 10:15:00', '2025-03-02 14:45:00'),
  (744, 149, '2025-01-06 12:15:00', '2025-01-06 15:45:00'),
  (745, 149, '2025-01-22 14:00:00', '2025-01-22 17:00:00'),
  (746, 150, '2025-02-21 10:00:00', '2025-02-21 13:30:00'),
  (747, 150, '2025-02-25 15:00:00', '2025-02-25 18:30:00'),
  (748, 150, '2025-01-21 14:00:00', '2025-01-21 17:30:00'),
  (749, 150, '2025-01-19 18:15:00', '2025-01-19 23:15:00'),
  (750, 150, '2025-02-21 15:15:00', '2025-02-21 19:15:00'),
  (751, 151, '2025-01-10 13:00:00', '2025-01-10 17:30:00'),
  (752, 151, '2025-02-14 12:45:00', '2025-02-14 16:15:00'),
  (753, 151, '2025-02-28 09:45:00', '2025-02-28 14:15:00'),
  (754, 151, '2025-02-06 09:30:00', '2025-02-06 13:00:00'),
  (755, 151, '2025-01-08 11:30:00', '2025-01-08 16:00:00'),
  (756, 152, '2025-02-04 18:00:00', '2025-02-04 22:30:00'),
  (757, 152, '2025-02-16 18:00:00', '2025-02-16 22:00:00'),
  (758, 152, '2025-01-27 10:15:00', '2025-01-27 13:15:00'),
  (759, 152, '2025-02-13 10:15:00', '2025-02-13 13:15:00'),
  (760, 152, '2025-02-19 11:00:00', '2025-02-19 16:00:00'),
  (761, 153, '2025-02-25 10:00:00', '2025-02-25 13:30:00'),
  (762, 153, '2025-02-13 17:30:00', '2025-02-13 22:30:00'),
  (763, 153, '2025-01-10 10:45:00', '2025-01-10 14:15:00'),
  (764, 153, '2025-03-01 08:45:00', '2025-03-01 12:15:00'),
  (765, 153, '2025-02-27 08:30:00', '2025-02-27 13:00:00'),
  (766, 154, '2025-01-15 09:15:00', '2025-01-15 13:15:00'),
  (767, 154, '2025-01-12 11:45:00', '2025-01-12 14:45:00'),
  (768, 154, '2025-02-07 09:30:00', '2025-02-07 13:00:00'),
  (769, 154, '2025-02-04 15:15:00', '2025-02-04 20:15:00'),
  (770, 154, '2025-02-15 15:15:00', '2025-02-15 20:15:00'),
  (771, 155, '2025-01-08 18:30:00', '2025-01-08 21:30:00'),
  (772, 155, '2025-02-07 12:15:00', '2025-02-07 16:45:00'),
  (773, 155, '2025-02-17 12:45:00', '2025-02-17 15:45:00'),
  (774, 155, '2025-02-19 15:45:00', '2025-02-19 19:45:00'),
  (775, 155, '2025-01-05 09:45:00', '2025-01-05 14:45:00'),
  (776, 156, '2025-02-01 19:00:00', '2025-02-01 22:30:00'),
  (777, 156, '2025-01-31 12:30:00', '2025-01-31 17:00:00'),
  (778, 156, '2025-02-22 12:15:00', '2025-02-22 16:45:00'),
  (779, 156, '2025-01-24 17:00:00', '2025-01-24 20:00:00'),
  (780, 156, '2025-01-13 08:15:00', '2025-01-13 11:15:00'),
  (781, 157, '2025-02-23 08:45:00', '2025-02-23 13:15:00'),
  (782, 157, '2025-02-24 19:15:00', '2025-02-24 22:45:00'),
  (783, 157, '2025-02-23 18:00:00', '2025-02-23 21:30:00'),
  (784, 157, '2025-02-20 16:15:00', '2025-02-20 19:15:00'),
  (785, 157, '2025-02-18 14:00:00', '2025-02-18 19:00:00'),
  (786, 158, '2025-02-19 18:00:00', '2025-02-19 22:30:00'),
  (787, 158, '2025-02-07 12:30:00', '2025-02-07 17:00:00'),
  (788, 158, '2025-03-02 08:00:00', '2025-03-02 12:00:00'),
  (789, 158, '2025-01-09 16:15:00', '2025-01-09 20:45:00'),
  (790, 158, '2025-01-17 19:30:00', '2025-01-17 23:30:00'),
  (791, 159, '2025-02-10 11:45:00', '2025-02-10 14:45:00'),
  (792, 159, '2025-01-12 13:45:00', '2025-01-12 17:45:00'),
  (793, 159, '2025-01-12 18:30:00', '2025-01-12 22:30:00'),
  (794, 159, '2025-02-07 13:45:00', '2025-02-07 18:45:00'),
  (795, 159, '2025-01-28 13:00:00', '2025-01-28 18:00:00'),
  (796, 160, '2025-01-26 08:30:00', '2025-01-26 12:00:00'),
  (797, 160, '2025-02-06 13:15:00', '2025-02-06 16:45:00'),
  (798, 160, '2025-01-31 14:00:00', '2025-01-31 18:00:00'),
  (799, 160, '2025-02-10 11:00:00', '2025-02-10 14:30:00'),
  (800, 160, '2025-01-26 11:00:00', '2025-01-26 16:00:00'),
  (801, 161, '2025-02-08 12:45:00', '2025-02-08 16:45:00'),
  (802, 161, '2025-02-20 19:15:00', '2025-02-20 23:15:00'),
  (803, 161, '2025-02-13 11:30:00', '2025-02-13 15:30:00'),
  (804, 161, '2025-02-08 12:45:00', '2025-02-08 16:45:00'),
  (805, 161, '2025-02-07 13:45:00', '2025-02-07 16:45:00'),
  (806, 162, '2025-01-05 14:15:00', '2025-01-05 18:15:00'),
  (807, 162, '2025-01-29 12:30:00', '2025-01-29 16:00:00'),
  (808, 162, '2025-01-28 13:15:00', '2025-01-28 16:15:00'),
  (809, 162, '2025-01-16 13:00:00', '2025-01-16 17:30:00'),
  (810, 162, '2025-02-20 11:45:00', '2025-02-20 15:15:00'),
  (811, 163, '2025-01-28 14:00:00', '2025-01-28 17:30:00'),
  (812, 163, '2025-01-06 10:15:00', '2025-01-06 13:15:00'),
  (813, 163, '2025-01-13 18:00:00', '2025-01-13 22:00:00'),
  (814, 163, '2025-01-30 15:45:00', '2025-01-30 20:15:00'),
  (815, 163, '2025-01-07 16:30:00', '2025-01-07 21:30:00'),
  (816, 164, '2025-01-18 17:15:00', '2025-01-18 21:45:00'),
  (817, 164, '2025-01-01 14:30:00', '2025-01-01 19:00:00'),
  (818, 164, '2025-01-13 17:30:00', '2025-01-13 21:30:00'),
  (819, 164, '2025-01-19 17:00:00', '2025-01-19 20:30:00'),
  (820, 164, '2025-02-02 10:15:00', '2025-02-02 14:15:00'),
  (821, 165, '2025-02-04 09:15:00', '2025-02-04 12:45:00'),
  (822, 165, '2025-01-30 11:15:00', '2025-01-30 15:15:00'),
  (823, 165, '2025-01-30 13:30:00', '2025-01-30 16:30:00'),
  (824, 165, '2025-01-14 10:30:00', '2025-01-14 14:30:00'),
  (825, 165, '2025-02-13 17:45:00', '2025-02-13 20:45:00'),
  (826, 166, '2025-01-16 10:00:00', '2025-01-16 14:30:00'),
  (827, 166, '2025-02-26 08:15:00', '2025-02-26 11:45:00'),
  (828, 166, '2025-01-10 13:45:00', '2025-01-10 17:15:00'),
  (829, 166, '2025-01-18 15:30:00', '2025-01-18 20:00:00'),
  (830, 166, '2025-01-24 15:00:00', '2025-01-24 18:00:00'),
  (831, 167, '2025-02-15 14:30:00', '2025-02-15 19:30:00'),
  (832, 167, '2025-01-01 16:00:00', '2025-01-01 19:00:00'),
  (833, 167, '2025-02-23 16:00:00', '2025-02-23 20:00:00'),
  (834, 167, '2025-02-13 09:15:00', '2025-02-13 13:15:00'),
  (835, 167, '2025-02-25 19:15:00', '2025-02-25 23:45:00'),
  (836, 168, '2025-02-02 18:45:00', '2025-02-02 22:15:00'),
  (837, 168, '2025-02-14 08:30:00', '2025-02-14 13:30:00'),
  (838, 168, '2025-02-28 14:30:00', '2025-02-28 17:30:00'),
  (839, 168, '2025-01-26 14:15:00', '2025-01-26 18:45:00'),
  (840, 168, '2025-01-26 10:15:00', '2025-01-26 14:45:00'),
  (841, 169, '2025-01-11 08:45:00', '2025-01-11 12:45:00'),
  (842, 169, '2025-01-11 11:00:00', '2025-01-11 14:00:00'),
  (843, 169, '2025-01-25 14:00:00', '2025-01-25 19:00:00'),
  (844, 169, '2025-02-15 17:15:00', '2025-02-15 22:15:00'),
  (845, 169, '2025-02-26 15:45:00', '2025-02-26 19:15:00'),
  (846, 170, '2025-01-03 09:45:00', '2025-01-03 12:45:00'),
  (847, 170, '2025-02-25 12:45:00', '2025-02-25 17:45:00'),
  (848, 170, '2025-02-09 19:45:00', '2025-02-09 23:45:00'),
  (849, 170, '2025-02-02 14:00:00', '2025-02-02 18:00:00'),
  (850, 170, '2025-01-22 13:15:00', '2025-01-22 18:15:00'),
  (851, 171, '2025-01-29 18:15:00', '2025-01-29 23:15:00'),
  (852, 171, '2025-02-23 15:00:00', '2025-02-23 18:00:00'),
  (853, 171, '2025-01-13 16:45:00', '2025-01-13 20:15:00'),
  (854, 171, '2025-02-11 17:30:00', '2025-02-11 22:00:00'),
  (855, 171, '2025-01-02 11:30:00', '2025-01-02 14:30:00'),
  (856, 172, '2025-01-11 11:30:00', '2025-01-11 16:00:00'),
  (857, 172, '2025-01-06 11:15:00', '2025-01-06 14:15:00'),
  (858, 172, '2025-03-02 08:00:00', '2025-03-02 11:00:00'),
  (859, 172, '2025-02-27 12:15:00', '2025-02-27 15:15:00'),
  (860, 172, '2025-01-26 12:15:00', '2025-01-26 17:15:00'),
  (861, 173, '2025-01-16 08:30:00', '2025-01-16 11:30:00'),
  (862, 173, '2025-01-08 13:15:00', '2025-01-08 17:15:00'),
  (863, 173, '2025-02-24 15:00:00', '2025-02-24 19:00:00'),
  (864, 173, '2025-01-19 11:45:00', '2025-01-19 15:15:00'),
  (865, 173, '2025-01-28 08:00:00', '2025-01-28 12:30:00'),
  (866, 174, '2025-02-09 10:15:00', '2025-02-09 13:45:00'),
  (867, 174, '2025-02-24 10:30:00', '2025-02-24 14:30:00'),
  (868, 174, '2025-01-31 18:00:00', '2025-01-31 21:30:00'),
  (869, 174, '2025-02-14 11:30:00', '2025-02-14 14:30:00'),
  (870, 174, '2025-01-20 15:30:00', '2025-01-20 20:30:00'),
  (871, 175, '2025-02-11 09:30:00', '2025-02-11 12:30:00'),
  (872, 175, '2025-01-20 08:45:00', '2025-01-20 12:15:00'),
  (873, 175, '2025-01-10 13:30:00', '2025-01-10 18:30:00'),
  (874, 175, '2025-02-10 15:15:00', '2025-02-10 19:45:00'),
  (875, 175, '2025-02-23 09:15:00', '2025-02-23 12:15:00'),
  (876, 176, '2025-02-03 18:15:00', '2025-02-03 21:45:00'),
  (877, 176, '2025-02-16 17:00:00', '2025-02-16 22:00:00'),
  (878, 176, '2025-02-18 10:15:00', '2025-02-18 14:15:00'),
  (879, 176, '2025-02-03 09:45:00', '2025-02-03 13:15:00'),
  (880, 176, '2025-02-07 19:00:00', '2025-02-07 22:30:00'),
  (881, 177, '2025-01-02 09:30:00', '2025-01-02 13:00:00'),
  (882, 177, '2025-03-01 14:30:00', '2025-03-01 18:00:00'),
  (883, 177, '2025-01-07 15:00:00', '2025-01-07 20:00:00'),
  (884, 177, '2025-01-01 14:45:00', '2025-01-01 19:15:00'),
  (885, 177, '2025-01-25 17:15:00', '2025-01-25 20:45:00'),
  (886, 178, '2025-01-23 19:45:00', '2025-01-24 00:45:00'),
  (887, 178, '2025-02-18 19:30:00', '2025-02-19 00:00:00'),
  (888, 178, '2025-01-01 08:15:00', '2025-01-01 12:45:00'),
  (889, 178, '2025-01-18 12:30:00', '2025-01-18 16:30:00'),
  (890, 178, '2025-02-22 14:30:00', '2025-02-22 18:00:00'),
  (891, 179, '2025-01-12 18:15:00', '2025-01-12 22:15:00'),
  (892, 179, '2025-02-19 12:45:00', '2025-02-19 17:15:00'),
  (893, 179, '2025-02-16 11:30:00', '2025-02-16 15:00:00'),
  (894, 179, '2025-01-19 15:15:00', '2025-01-19 18:45:00'),
  (895, 179, '2025-02-14 18:30:00', '2025-02-14 21:30:00'),
  (896, 180, '2025-01-24 10:45:00', '2025-01-24 15:45:00'),
  (897, 180, '2025-01-28 15:15:00', '2025-01-28 18:15:00'),
  (898, 180, '2025-03-02 14:30:00', '2025-03-02 19:00:00'),
  (899, 180, '2025-01-15 12:00:00', '2025-01-15 17:00:00'),
  (900, 180, '2025-02-15 11:30:00', '2025-02-15 15:00:00'),
  (901, 181, '2025-02-21 14:00:00', '2025-02-21 18:30:00'),
  (902, 181, '2025-03-01 14:45:00', '2025-03-01 19:45:00'),
  (903, 181, '2025-01-15 10:30:00', '2025-01-15 14:00:00'),
  (904, 181, '2025-02-10 09:00:00', '2025-02-10 13:30:00'),
  (905, 181, '2025-02-24 08:00:00', '2025-02-24 11:00:00'),
  (906, 182, '2025-01-20 17:00:00', '2025-01-20 22:00:00'),
  (907, 182, '2025-02-10 13:00:00', '2025-02-10 17:30:00'),
  (908, 182, '2025-02-27 13:45:00', '2025-02-27 17:45:00'),
  (909, 182, '2025-02-14 18:45:00', '2025-02-14 21:45:00'),
  (910, 182, '2025-01-23 15:30:00', '2025-01-23 19:30:00'),
  (911, 183, '2025-01-02 08:00:00', '2025-01-02 11:00:00'),
  (912, 183, '2025-02-22 16:15:00', '2025-02-22 19:15:00'),
  (913, 183, '2025-01-09 18:15:00', '2025-01-09 21:45:00'),
  (914, 183, '2025-01-05 17:45:00', '2025-01-05 21:15:00'),
  (915, 183, '2025-02-09 08:15:00', '2025-02-09 12:45:00'),
  (916, 184, '2025-02-27 13:00:00', '2025-02-27 17:30:00'),
  (917, 184, '2025-01-31 14:45:00', '2025-01-31 18:15:00'),
  (918, 184, '2025-01-28 13:00:00', '2025-01-28 17:00:00'),
  (919, 184, '2025-02-24 13:15:00', '2025-02-24 17:45:00'),
  (920, 184, '2025-02-11 12:30:00', '2025-02-11 16:00:00'),
  (921, 185, '2025-01-11 10:30:00', '2025-01-11 14:00:00'),
  (922, 185, '2025-01-05 15:15:00', '2025-01-05 18:45:00'),
  (923, 185, '2025-01-10 08:00:00', '2025-01-10 11:30:00'),
  (924, 185, '2025-02-08 11:15:00', '2025-02-08 14:45:00'),
  (925, 185, '2025-02-07 19:30:00', '2025-02-08 00:00:00'),
  (926, 186, '2025-02-01 11:15:00', '2025-02-01 14:45:00'),
  (927, 186, '2025-01-06 12:30:00', '2025-01-06 16:00:00'),
  (928, 186, '2025-02-05 11:15:00', '2025-02-05 15:45:00'),
  (929, 186, '2025-02-28 16:30:00', '2025-02-28 20:30:00'),
  (930, 186, '2025-01-27 14:45:00', '2025-01-27 19:45:00'),
  (931, 187, '2025-01-20 17:45:00', '2025-01-20 20:45:00'),
  (932, 187, '2025-02-14 16:30:00', '2025-02-14 21:30:00'),
  (933, 187, '2025-02-03 13:00:00', '2025-02-03 18:00:00'),
  (934, 187, '2025-01-07 16:30:00', '2025-01-07 20:00:00'),
  (935, 187, '2025-02-28 10:00:00', '2025-02-28 13:00:00'),
  (936, 188, '2025-02-22 17:00:00', '2025-02-22 21:30:00'),
  (937, 188, '2025-01-18 13:00:00', '2025-01-18 18:00:00'),
  (938, 188, '2025-02-23 10:00:00', '2025-02-23 14:30:00'),
  (939, 188, '2025-01-23 15:45:00', '2025-01-23 19:45:00'),
  (940, 188, '2025-01-22 15:30:00', '2025-01-22 19:30:00'),
  (941, 189, '2025-01-19 15:30:00', '2025-01-19 18:30:00'),
  (942, 189, '2025-02-06 14:15:00', '2025-02-06 18:15:00'),
  (943, 189, '2025-02-16 12:00:00', '2025-02-16 15:00:00'),
  (944, 189, '2025-01-05 17:45:00', '2025-01-05 20:45:00'),
  (945, 189, '2025-01-23 16:30:00', '2025-01-23 21:00:00'),
  (946, 190, '2025-02-03 08:30:00', '2025-02-03 13:30:00'),
  (947, 190, '2025-02-06 13:30:00', '2025-02-06 16:30:00'),
  (948, 190, '2025-01-03 19:45:00', '2025-01-04 00:15:00'),
  (949, 190, '2025-03-01 18:45:00', '2025-03-01 23:15:00'),
  (950, 190, '2025-01-19 15:00:00', '2025-01-19 18:30:00'),
  (951, 191, '2025-02-09 19:15:00', '2025-02-09 23:15:00'),
  (952, 191, '2025-02-28 18:00:00', '2025-02-28 23:00:00'),
  (953, 191, '2025-01-11 09:30:00', '2025-01-11 14:30:00'),
  (954, 191, '2025-01-25 10:15:00', '2025-01-25 15:15:00'),
  (955, 191, '2025-02-21 11:15:00', '2025-02-21 14:15:00'),
  (956, 192, '2025-02-01 14:45:00', '2025-02-01 18:45:00'),
  (957, 192, '2025-01-29 17:00:00', '2025-01-29 22:00:00'),
  (958, 192, '2025-01-30 15:30:00', '2025-01-30 20:30:00'),
  (959, 192, '2025-01-25 19:30:00', '2025-01-25 22:30:00'),
  (960, 192, '2025-01-21 14:30:00', '2025-01-21 18:00:00'),
  (961, 193, '2025-01-01 12:45:00', '2025-01-01 17:15:00'),
  (962, 193, '2025-02-28 14:15:00', '2025-02-28 19:15:00'),
  (963, 193, '2025-01-18 10:30:00', '2025-01-18 14:00:00'),
  (964, 193, '2025-01-01 14:30:00', '2025-01-01 19:00:00'),
  (965, 193, '2025-01-05 11:45:00', '2025-01-05 14:45:00'),
  (966, 194, '2025-01-11 17:45:00', '2025-01-11 21:15:00'),
  (967, 194, '2025-01-15 10:30:00', '2025-01-15 15:30:00'),
  (968, 194, '2025-02-08 16:45:00', '2025-02-08 20:45:00'),
  (969, 194, '2025-02-10 09:15:00', '2025-02-10 12:45:00'),
  (970, 194, '2025-02-11 12:15:00', '2025-02-11 16:45:00'),
  (971, 195, '2025-02-04 19:45:00', '2025-02-05 00:45:00'),
  (972, 195, '2025-01-02 08:45:00', '2025-01-02 12:15:00'),
  (973, 195, '2025-02-05 16:45:00', '2025-02-05 20:45:00'),
  (974, 195, '2025-02-11 17:00:00', '2025-02-11 20:00:00'),
  (975, 195, '2025-01-06 09:00:00', '2025-01-06 13:30:00'),
  (976, 196, '2025-01-03 19:45:00', '2025-01-03 22:45:00'),
  (977, 196, '2025-02-19 19:00:00', '2025-02-19 22:30:00'),
  (978, 196, '2025-02-07 19:15:00', '2025-02-07 23:15:00'),
  (979, 196, '2025-01-31 17:00:00', '2025-01-31 20:30:00'),
  (980, 196, '2025-01-13 15:15:00', '2025-01-13 19:45:00'),
  (981, 197, '2025-01-16 12:00:00', '2025-01-16 16:00:00'),
  (982, 197, '2025-01-24 14:45:00', '2025-01-24 18:45:00'),
  (983, 197, '2025-01-09 16:15:00', '2025-01-09 20:45:00'),
  (984, 197, '2025-01-31 09:00:00', '2025-01-31 13:00:00'),
  (985, 197, '2025-02-17 10:00:00', '2025-02-17 13:00:00'),
  (986, 198, '2025-02-04 16:00:00', '2025-02-04 20:00:00'),
  (987, 198, '2025-02-06 17:30:00', '2025-02-06 21:30:00'),
  (988, 198, '2025-02-18 19:30:00', '2025-02-19 00:30:00'),
  (989, 198, '2025-01-26 10:30:00', '2025-01-26 15:00:00'),
  (990, 198, '2025-01-07 19:45:00', '2025-01-07 23:45:00'),
  (991, 199, '2025-02-18 15:00:00', '2025-02-18 19:00:00'),
  (992, 199, '2025-02-02 18:15:00', '2025-02-02 21:45:00'),
  (993, 199, '2025-01-03 19:15:00', '2025-01-03 22:45:00'),
  (994, 199, '2025-02-11 13:45:00', '2025-02-11 18:15:00'),
  (995, 199, '2025-02-10 16:45:00', '2025-02-10 20:15:00'),
  (996, 200, '2025-01-08 08:15:00', '2025-01-08 11:45:00'),
  (997, 200, '2025-01-06 09:15:00', '2025-01-06 13:45:00'),
  (998, 200, '2025-02-21 09:15:00', '2025-02-21 13:15:00'),
  (999, 200, '2025-01-26 19:30:00', '2025-01-26 23:00:00'),
  (1000, 200, '2025-02-15 15:45:00', '2025-02-15 20:15:00'),
  (1001, 201, '2025-03-02 09:15:00', '2025-03-02 12:45:00'),
  (1002, 201, '2025-01-05 16:30:00', '2025-01-05 19:30:00'),
  (1003, 201, '2025-01-14 09:00:00', '2025-01-14 14:00:00'),
  (1004, 201, '2025-02-08 16:45:00', '2025-02-08 19:45:00'),
  (1005, 201, '2025-02-22 09:00:00', '2025-02-22 13:00:00'),
  (1006, 202, '2025-01-22 17:15:00', '2025-01-22 22:15:00'),
  (1007, 202, '2025-01-20 13:00:00', '2025-01-20 16:30:00'),
  (1008, 202, '2025-02-25 17:00:00', '2025-02-25 20:30:00'),
  (1009, 202, '2025-01-11 16:30:00', '2025-01-11 19:30:00'),
  (1010, 202, '2025-01-26 09:00:00', '2025-01-26 13:30:00'),
  (1011, 203, '2025-02-12 19:15:00', '2025-02-12 23:15:00'),
  (1012, 203, '2025-01-22 15:15:00', '2025-01-22 18:15:00'),
  (1013, 203, '2025-01-10 16:45:00', '2025-01-10 20:15:00'),
  (1014, 203, '2025-01-13 17:15:00', '2025-01-13 20:15:00'),
  (1015, 203, '2025-02-24 10:00:00', '2025-02-24 13:00:00'),
  (1016, 204, '2025-01-28 10:45:00', '2025-01-28 13:45:00'),
  (1017, 204, '2025-01-28 19:30:00', '2025-01-28 23:00:00'),
  (1018, 204, '2025-02-18 09:45:00', '2025-02-18 13:15:00'),
  (1019, 204, '2025-02-25 12:00:00', '2025-02-25 17:00:00'),
  (1020, 204, '2025-01-21 13:15:00', '2025-01-21 17:15:00'),
  (1021, 205, '2025-02-11 13:00:00', '2025-02-11 16:30:00'),
  (1022, 205, '2025-01-12 18:45:00', '2025-01-12 21:45:00'),
  (1023, 205, '2025-01-16 10:30:00', '2025-01-16 13:30:00'),
  (1024, 205, '2025-01-05 10:00:00', '2025-01-05 14:30:00'),
  (1025, 205, '2025-01-03 16:30:00', '2025-01-03 21:00:00'),
  (1026, 206, '2025-02-05 19:45:00', '2025-02-05 23:45:00'),
  (1027, 206, '2025-02-07 15:00:00', '2025-02-07 19:00:00'),
  (1028, 206, '2025-02-07 13:00:00', '2025-02-07 16:30:00'),
  (1029, 206, '2025-02-01 18:00:00', '2025-02-01 23:00:00'),
  (1030, 206, '2025-02-07 09:00:00', '2025-02-07 12:00:00'),
  (1031, 207, '2025-02-08 11:15:00', '2025-02-08 15:45:00'),
  (1032, 207, '2025-01-16 12:00:00', '2025-01-16 16:00:00'),
  (1033, 207, '2025-01-01 11:30:00', '2025-01-01 15:30:00'),
  (1034, 207, '2025-01-20 16:30:00', '2025-01-20 19:30:00'),
  (1035, 207, '2025-02-24 18:15:00', '2025-02-24 21:45:00'),
  (1036, 208, '2025-01-22 16:45:00', '2025-01-22 21:45:00'),
  (1037, 208, '2025-01-23 11:30:00', '2025-01-23 16:30:00'),
  (1038, 208, '2025-01-11 19:15:00', '2025-01-12 00:15:00'),
  (1039, 208, '2025-01-01 10:45:00', '2025-01-01 14:45:00'),
  (1040, 208, '2025-02-25 08:15:00', '2025-02-25 13:15:00'),
  (1041, 209, '2025-02-27 18:00:00', '2025-02-27 21:30:00'),
  (1042, 209, '2025-01-05 15:30:00', '2025-01-05 19:30:00'),
  (1043, 209, '2025-01-01 08:00:00', '2025-01-01 12:00:00'),
  (1044, 209, '2025-02-03 09:30:00', '2025-02-03 13:30:00'),
  (1045, 209, '2025-02-05 17:45:00', '2025-02-05 22:45:00'),
  (1046, 210, '2025-02-19 14:00:00', '2025-02-19 17:30:00'),
  (1047, 210, '2025-02-06 10:15:00', '2025-02-06 14:45:00'),
  (1048, 210, '2025-02-01 14:45:00', '2025-02-01 18:15:00'),
  (1049, 210, '2025-01-25 10:30:00', '2025-01-25 15:00:00'),
  (1050, 210, '2025-02-14 08:30:00', '2025-02-14 12:30:00'),
  (1051, 211, '2025-01-25 15:15:00', '2025-01-25 19:45:00'),
  (1052, 211, '2025-01-25 14:45:00', '2025-01-25 19:45:00'),
  (1053, 211, '2025-01-13 19:30:00', '2025-01-13 23:00:00'),
  (1054, 211, '2025-01-08 17:15:00', '2025-01-08 20:45:00'),
  (1055, 211, '2025-03-02 13:45:00', '2025-03-02 17:45:00'),
  (1056, 212, '2025-02-17 08:15:00', '2025-02-17 12:45:00'),
  (1057, 212, '2025-02-16 08:15:00', '2025-02-16 12:15:00'),
  (1058, 212, '2025-01-18 13:00:00', '2025-01-18 16:00:00'),
  (1059, 212, '2025-01-17 15:00:00', '2025-01-17 18:00:00'),
  (1060, 212, '2025-02-02 08:30:00', '2025-02-02 12:30:00'),
  (1061, 213, '2025-01-15 14:30:00', '2025-01-15 19:30:00'),
  (1062, 213, '2025-02-01 11:30:00', '2025-02-01 14:30:00'),
  (1063, 213, '2025-02-26 17:45:00', '2025-02-26 22:15:00'),
  (1064, 213, '2025-01-31 10:45:00', '2025-01-31 14:15:00'),
  (1065, 213, '2025-02-10 16:30:00', '2025-02-10 20:00:00'),
  (1066, 214, '2025-01-03 16:15:00', '2025-01-03 19:45:00'),
  (1067, 214, '2025-01-20 12:30:00', '2025-01-20 17:30:00'),
  (1068, 214, '2025-01-30 18:30:00', '2025-01-30 21:30:00'),
  (1069, 214, '2025-01-07 16:45:00', '2025-01-07 19:45:00'),
  (1070, 214, '2025-01-17 10:45:00', '2025-01-17 15:15:00'),
  (1071, 215, '2025-02-12 16:00:00', '2025-02-12 20:00:00'),
  (1072, 215, '2025-03-01 17:15:00', '2025-03-01 21:45:00'),
  (1073, 215, '2025-01-02 15:15:00', '2025-01-02 18:15:00'),
  (1074, 215, '2025-01-04 10:00:00', '2025-01-04 15:00:00'),
  (1075, 215, '2025-01-31 18:45:00', '2025-01-31 22:45:00'),
  (1076, 216, '2025-01-04 12:15:00', '2025-01-04 15:45:00'),
  (1077, 216, '2025-01-04 14:15:00', '2025-01-04 18:15:00'),
  (1078, 216, '2025-01-23 11:15:00', '2025-01-23 16:15:00'),
  (1079, 216, '2025-01-10 14:30:00', '2025-01-10 17:30:00'),
  (1080, 216, '2025-02-26 10:15:00', '2025-02-26 14:45:00'),
  (1081, 217, '2025-01-09 08:30:00', '2025-01-09 11:30:00'),
  (1082, 217, '2025-02-07 11:45:00', '2025-02-07 14:45:00'),
  (1083, 217, '2025-01-08 08:15:00', '2025-01-08 12:45:00'),
  (1084, 217, '2025-02-23 13:00:00', '2025-02-23 16:00:00'),
  (1085, 217, '2025-01-26 19:00:00', '2025-01-26 23:00:00'),
  (1086, 218, '2025-02-24 17:30:00', '2025-02-24 21:00:00'),
  (1087, 218, '2025-02-08 11:00:00', '2025-02-08 14:30:00'),
  (1088, 218, '2025-01-06 18:00:00', '2025-01-06 22:30:00'),
  (1089, 218, '2025-01-19 10:45:00', '2025-01-19 13:45:00'),
  (1090, 218, '2025-01-29 14:00:00', '2025-01-29 19:00:00'),
  (1091, 219, '2025-01-08 12:15:00', '2025-01-08 16:15:00'),
  (1092, 219, '2025-01-02 08:45:00', '2025-01-02 12:15:00'),
  (1093, 219, '2025-03-01 19:45:00', '2025-03-01 22:45:00'),
  (1094, 219, '2025-02-01 16:15:00', '2025-02-01 20:45:00'),
  (1095, 219, '2025-02-09 15:15:00', '2025-02-09 20:15:00'),
  (1096, 220, '2025-02-18 19:00:00', '2025-02-18 22:00:00'),
  (1097, 220, '2025-01-11 11:15:00', '2025-01-11 15:15:00'),
  (1098, 220, '2025-02-24 13:15:00', '2025-02-24 16:15:00'),
  (1099, 220, '2025-01-26 19:00:00', '2025-01-27 00:00:00'),
  (1100, 220, '2025-02-20 17:15:00', '2025-02-20 22:15:00'),
  (1101, 221, '2025-02-07 08:45:00', '2025-02-07 12:45:00'),
  (1102, 221, '2025-01-04 16:45:00', '2025-01-04 20:45:00'),
  (1103, 221, '2025-02-07 17:45:00', '2025-02-07 22:15:00'),
  (1104, 221, '2025-02-22 08:00:00', '2025-02-22 12:00:00'),
  (1105, 221, '2025-01-19 17:15:00', '2025-01-19 21:15:00'),
  (1106, 222, '2025-02-27 08:45:00', '2025-02-27 13:45:00'),
  (1107, 222, '2025-02-10 15:00:00', '2025-02-10 19:00:00'),
  (1108, 222, '2025-02-27 16:15:00', '2025-02-27 20:15:00'),
  (1109, 222, '2025-02-01 13:45:00', '2025-02-01 18:15:00'),
  (1110, 222, '2025-01-17 16:30:00', '2025-01-17 21:00:00'),
  (1111, 223, '2025-01-17 15:00:00', '2025-01-17 19:30:00'),
  (1112, 223, '2025-01-15 19:15:00', '2025-01-16 00:15:00'),
  (1113, 223, '2025-02-20 19:00:00', '2025-02-21 00:00:00'),
  (1114, 223, '2025-02-08 15:00:00', '2025-02-08 20:00:00'),
  (1115, 223, '2025-02-09 13:00:00', '2025-02-09 17:30:00'),
  (1116, 224, '2025-02-09 12:00:00', '2025-02-09 16:30:00'),
  (1117, 224, '2025-02-01 12:45:00', '2025-02-01 15:45:00'),
  (1118, 224, '2025-01-06 15:15:00', '2025-01-06 18:45:00'),
  (1119, 224, '2025-02-18 12:30:00', '2025-02-18 17:30:00'),
  (1120, 224, '2025-01-19 16:30:00', '2025-01-19 19:30:00'),
  (1121, 225, '2025-03-01 19:30:00', '2025-03-02 00:30:00'),
  (1122, 225, '2025-02-06 18:45:00', '2025-02-06 21:45:00'),
  (1123, 225, '2025-02-19 09:00:00', '2025-02-19 13:30:00'),
  (1124, 225, '2025-01-12 10:30:00', '2025-01-12 15:00:00'),
  (1125, 225, '2025-01-18 09:00:00', '2025-01-18 13:30:00'),
  (1126, 226, '2025-02-27 11:45:00', '2025-02-27 16:45:00'),
  (1127, 226, '2025-01-15 18:00:00', '2025-01-15 23:00:00'),
  (1128, 226, '2025-02-18 18:30:00', '2025-02-18 22:30:00'),
  (1129, 226, '2025-02-17 08:00:00', '2025-02-17 11:00:00'),
  (1130, 226, '2025-02-08 08:15:00', '2025-02-08 11:15:00'),
  (1131, 227, '2025-03-01 13:45:00', '2025-03-01 17:15:00'),
  (1132, 227, '2025-01-29 08:15:00', '2025-01-29 11:45:00'),
  (1133, 227, '2025-02-17 15:45:00', '2025-02-17 18:45:00'),
  (1134, 227, '2025-01-28 19:00:00', '2025-01-28 23:30:00'),
  (1135, 227, '2025-02-08 09:00:00', '2025-02-08 12:00:00'),
  (1136, 228, '2025-02-04 10:45:00', '2025-02-04 14:15:00'),
  (1137, 228, '2025-01-06 11:00:00', '2025-01-06 15:30:00'),
  (1138, 228, '2025-01-22 17:00:00', '2025-01-22 22:00:00'),
  (1139, 228, '2025-01-09 10:30:00', '2025-01-09 14:30:00'),
  (1140, 228, '2025-01-22 16:15:00', '2025-01-22 20:45:00'),
  (1141, 229, '2025-02-04 11:15:00', '2025-02-04 16:15:00'),
  (1142, 229, '2025-01-29 08:30:00', '2025-01-29 13:30:00'),
  (1143, 229, '2025-02-04 15:30:00', '2025-02-04 19:00:00'),
  (1144, 229, '2025-02-20 11:15:00', '2025-02-20 14:45:00'),
  (1145, 229, '2025-02-12 12:45:00', '2025-02-12 16:15:00'),
  (1146, 230, '2025-01-10 09:15:00', '2025-01-10 13:45:00'),
  (1147, 230, '2025-02-01 15:45:00', '2025-02-01 19:15:00'),
  (1148, 230, '2025-01-17 10:45:00', '2025-01-17 13:45:00'),
  (1149, 230, '2025-01-20 08:15:00', '2025-01-20 11:15:00'),
  (1150, 230, '2025-01-11 09:15:00', '2025-01-11 12:45:00'),
  (1151, 231, '2025-02-10 11:15:00', '2025-02-10 14:45:00'),
  (1152, 231, '2025-02-02 16:30:00', '2025-02-02 20:30:00'),
  (1153, 231, '2025-01-12 11:15:00', '2025-01-12 15:45:00'),
  (1154, 231, '2025-02-14 15:45:00', '2025-02-14 20:15:00'),
  (1155, 231, '2025-01-18 14:00:00', '2025-01-18 19:00:00'),
  (1156, 232, '2025-01-20 09:30:00', '2025-01-20 14:30:00'),
  (1157, 232, '2025-01-10 10:00:00', '2025-01-10 13:30:00'),
  (1158, 232, '2025-02-13 11:30:00', '2025-02-13 14:30:00'),
  (1159, 232, '2025-02-23 15:30:00', '2025-02-23 19:30:00'),
  (1160, 232, '2025-01-04 18:15:00', '2025-01-04 21:45:00'),
  (1161, 233, '2025-01-28 08:30:00', '2025-01-28 12:30:00'),
  (1162, 233, '2025-01-05 18:15:00', '2025-01-05 21:45:00'),
  (1163, 233, '2025-02-14 09:45:00', '2025-02-14 13:15:00'),
  (1164, 233, '2025-01-23 10:30:00', '2025-01-23 13:30:00'),
  (1165, 233, '2025-02-06 16:30:00', '2025-02-06 19:30:00'),
  (1166, 234, '2025-02-11 10:30:00', '2025-02-11 14:30:00'),
  (1167, 234, '2025-01-18 13:45:00', '2025-01-18 17:45:00'),
  (1168, 234, '2025-02-08 11:30:00', '2025-02-08 14:30:00'),
  (1169, 234, '2025-01-19 13:15:00', '2025-01-19 18:15:00'),
  (1170, 234, '2025-02-05 09:15:00', '2025-02-05 14:15:00'),
  (1171, 235, '2025-01-13 11:00:00', '2025-01-13 15:00:00'),
  (1172, 235, '2025-02-19 11:00:00', '2025-02-19 14:00:00'),
  (1173, 235, '2025-01-03 11:00:00', '2025-01-03 15:30:00'),
  (1174, 235, '2025-02-27 08:30:00', '2025-02-27 12:30:00'),
  (1175, 235, '2025-01-08 12:15:00', '2025-01-08 16:15:00'),
  (1176, 236, '2025-01-23 16:45:00', '2025-01-23 21:45:00'),
  (1177, 236, '2025-02-04 14:45:00', '2025-02-04 18:45:00'),
  (1178, 236, '2025-02-18 10:30:00', '2025-02-18 13:30:00'),
  (1179, 236, '2025-02-06 18:15:00', '2025-02-06 22:45:00'),
  (1180, 236, '2025-02-09 17:30:00', '2025-02-09 22:00:00'),
  (1181, 237, '2025-02-09 18:00:00', '2025-02-09 21:00:00'),
  (1182, 237, '2025-01-20 14:15:00', '2025-01-20 19:15:00'),
  (1183, 237, '2025-02-20 12:30:00', '2025-02-20 17:30:00'),
  (1184, 237, '2025-02-13 10:15:00', '2025-02-13 14:15:00'),
  (1185, 237, '2025-01-07 15:30:00', '2025-01-07 19:00:00'),
  (1186, 238, '2025-01-27 19:30:00', '2025-01-28 00:30:00'),
  (1187, 238, '2025-01-02 18:30:00', '2025-01-02 22:00:00'),
  (1188, 238, '2025-01-27 19:00:00', '2025-01-28 00:00:00'),
  (1189, 238, '2025-02-28 09:45:00', '2025-02-28 12:45:00'),
  (1190, 238, '2025-02-15 11:45:00', '2025-02-15 15:45:00'),
  (1191, 239, '2025-01-26 18:15:00', '2025-01-26 21:45:00'),
  (1192, 239, '2025-01-14 10:30:00', '2025-01-14 14:30:00'),
  (1193, 239, '2025-01-24 17:45:00', '2025-01-24 21:45:00'),
  (1194, 239, '2025-01-03 12:30:00', '2025-01-03 15:30:00'),
  (1195, 239, '2025-02-24 13:15:00', '2025-02-24 17:15:00'),
  (1196, 240, '2025-01-01 14:00:00', '2025-01-01 19:00:00'),
  (1197, 240, '2025-01-08 15:30:00', '2025-01-08 20:00:00'),
  (1198, 240, '2025-02-24 11:00:00', '2025-02-24 16:00:00'),
  (1199, 240, '2025-01-19 12:00:00', '2025-01-19 16:00:00'),
  (1200, 240, '2025-01-04 11:45:00', '2025-01-04 16:15:00'),
  (1201, 241, '2025-01-19 18:30:00', '2025-01-19 22:00:00'),
  (1202, 241, '2025-01-10 10:45:00', '2025-01-10 15:45:00'),
  (1203, 241, '2025-01-06 15:00:00', '2025-01-06 18:00:00'),
  (1204, 241, '2025-02-02 17:30:00', '2025-02-02 21:00:00'),
  (1205, 241, '2025-02-20 12:00:00', '2025-02-20 16:30:00'),
  (1206, 242, '2025-02-20 16:15:00', '2025-02-20 21:15:00'),
  (1207, 242, '2025-03-02 11:45:00', '2025-03-02 15:45:00'),
  (1208, 242, '2025-02-15 18:00:00', '2025-02-15 22:30:00'),
  (1209, 242, '2025-02-04 19:30:00', '2025-02-04 23:30:00'),
  (1210, 242, '2025-01-26 10:15:00', '2025-01-26 13:15:00'),
  (1211, 243, '2025-01-21 14:45:00', '2025-01-21 18:15:00'),
  (1212, 243, '2025-01-06 11:45:00', '2025-01-06 14:45:00'),
  (1213, 243, '2025-02-13 16:15:00', '2025-02-13 20:45:00'),
  (1214, 243, '2025-02-20 18:30:00', '2025-02-20 22:00:00'),
  (1215, 243, '2025-01-03 11:15:00', '2025-01-03 15:15:00'),
  (1216, 244, '2025-01-23 13:30:00', '2025-01-23 17:00:00'),
  (1217, 244, '2025-02-02 13:15:00', '2025-02-02 18:15:00'),
  (1218, 244, '2025-02-23 14:45:00', '2025-02-23 18:15:00'),
  (1219, 244, '2025-02-19 15:15:00', '2025-02-19 19:15:00'),
  (1220, 244, '2025-01-30 11:45:00', '2025-01-30 16:45:00'),
  (1221, 245, '2025-02-26 15:30:00', '2025-02-26 19:00:00'),
  (1222, 245, '2025-02-04 19:15:00', '2025-02-04 23:15:00'),
  (1223, 245, '2025-01-12 12:30:00', '2025-01-12 15:30:00'),
  (1224, 245, '2025-02-05 11:30:00', '2025-02-05 15:00:00'),
  (1225, 245, '2025-01-13 18:15:00', '2025-01-13 22:45:00'),
  (1226, 246, '2025-02-04 14:30:00', '2025-02-04 19:30:00'),
  (1227, 246, '2025-02-05 08:00:00', '2025-02-05 13:00:00'),
  (1228, 246, '2025-01-04 16:15:00', '2025-01-04 21:15:00'),
  (1229, 246, '2025-02-14 10:45:00', '2025-02-14 14:45:00'),
  (1230, 246, '2025-01-08 12:00:00', '2025-01-08 16:00:00'),
  (1231, 247, '2025-01-21 17:30:00', '2025-01-21 22:00:00'),
  (1232, 247, '2025-02-17 19:45:00', '2025-02-17 22:45:00'),
  (1233, 247, '2025-01-21 19:30:00', '2025-01-21 23:30:00'),
  (1234, 247, '2025-01-18 08:15:00', '2025-01-18 12:45:00'),
  (1235, 247, '2025-02-24 16:00:00', '2025-02-24 20:30:00'),
  (1236, 248, '2025-02-16 19:45:00', '2025-02-17 00:45:00'),
  (1237, 248, '2025-01-24 16:45:00', '2025-01-24 19:45:00'),
  (1238, 248, '2025-01-31 15:30:00', '2025-01-31 18:30:00'),
  (1239, 248, '2025-02-26 17:45:00', '2025-02-26 21:15:00'),
  (1240, 248, '2025-01-20 17:15:00', '2025-01-20 21:15:00'),
  (1241, 249, '2025-01-27 14:00:00', '2025-01-27 18:30:00'),
  (1242, 249, '2025-01-27 12:00:00', '2025-01-27 16:00:00'),
  (1243, 249, '2025-02-23 11:15:00', '2025-02-23 15:15:00'),
  (1244, 249, '2025-01-22 17:15:00', '2025-01-22 22:15:00'),
  (1245, 249, '2025-01-13 19:15:00', '2025-01-13 23:45:00'),
  (1246, 250, '2025-01-06 19:30:00', '2025-01-06 23:30:00'),
  (1247, 250, '2025-01-05 16:00:00', '2025-01-05 20:00:00'),
  (1248, 250, '2025-01-19 12:00:00', '2025-01-19 17:00:00'),
  (1249, 250, '2025-02-25 08:15:00', '2025-02-25 12:15:00'),
  (1250, 250, '2025-02-18 19:45:00', '2025-02-19 00:15:00'),
  (1251, 251, '2025-02-17 11:00:00', '2025-02-17 16:00:00'),
  (1252, 251, '2025-01-17 15:30:00', '2025-01-17 19:00:00'),
  (1253, 251, '2025-02-15 15:00:00', '2025-02-15 19:00:00'),
  (1254, 251, '2025-01-11 10:00:00', '2025-01-11 14:00:00'),
  (1255, 251, '2025-01-02 11:30:00', '2025-01-02 14:30:00'),
  (1256, 252, '2025-01-27 19:45:00', '2025-01-27 22:45:00'),
  (1257, 252, '2025-02-06 18:45:00', '2025-02-06 21:45:00'),
  (1258, 252, '2025-02-28 17:00:00', '2025-02-28 21:30:00'),
  (1259, 252, '2025-01-29 09:00:00', '2025-01-29 13:00:00'),
  (1260, 252, '2025-01-01 08:00:00', '2025-01-01 11:30:00'),
  (1261, 253, '2025-02-20 15:45:00', '2025-02-20 20:15:00'),
  (1262, 253, '2025-02-04 15:00:00', '2025-02-04 19:30:00'),
  (1263, 253, '2025-02-08 11:00:00', '2025-02-08 14:00:00'),
  (1264, 253, '2025-01-30 10:45:00', '2025-01-30 13:45:00'),
  (1265, 253, '2025-01-27 18:00:00', '2025-01-27 22:30:00'),
  (1266, 254, '2025-01-07 16:45:00', '2025-01-07 19:45:00'),
  (1267, 254, '2025-01-14 19:15:00', '2025-01-14 22:15:00'),
  (1268, 254, '2025-02-14 16:15:00', '2025-02-14 19:15:00'),
  (1269, 254, '2025-02-22 15:00:00', '2025-02-22 18:30:00'),
  (1270, 254, '2025-01-30 13:45:00', '2025-01-30 18:45:00'),
  (1271, 255, '2025-02-04 14:15:00', '2025-02-04 17:15:00'),
  (1272, 255, '2025-02-17 10:15:00', '2025-02-17 13:45:00'),
  (1273, 255, '2025-01-18 08:30:00', '2025-01-18 11:30:00'),
  (1274, 255, '2025-03-02 09:15:00', '2025-03-02 12:15:00'),
  (1275, 255, '2025-03-02 09:15:00', '2025-03-02 12:15:00'),
  (1276, 256, '2025-02-26 09:00:00', '2025-02-26 13:00:00'),
  (1277, 256, '2025-01-06 15:30:00', '2025-01-06 19:30:00'),
  (1278, 256, '2025-02-17 15:15:00', '2025-02-17 20:15:00'),
  (1279, 256, '2025-02-01 15:00:00', '2025-02-01 18:30:00'),
  (1280, 256, '2025-02-09 14:15:00', '2025-02-09 17:45:00'),
  (1281, 257, '2025-01-12 09:30:00', '2025-01-12 12:30:00'),
  (1282, 257, '2025-01-03 08:15:00', '2025-01-03 11:45:00'),
  (1283, 257, '2025-02-10 13:45:00', '2025-02-10 17:45:00'),
  (1284, 257, '2025-01-27 18:30:00', '2025-01-27 23:30:00'),
  (1285, 257, '2025-02-13 10:15:00', '2025-02-13 13:45:00'),
  (1286, 258, '2025-01-26 12:30:00', '2025-01-26 16:30:00'),
  (1287, 258, '2025-01-21 19:15:00', '2025-01-21 23:15:00'),
  (1288, 258, '2025-02-03 17:45:00', '2025-02-03 21:45:00'),
  (1289, 258, '2025-02-24 11:00:00', '2025-02-24 15:00:00'),
  (1290, 258, '2025-01-27 09:30:00', '2025-01-27 12:30:00'),
  (1291, 259, '2025-01-24 19:45:00', '2025-01-24 23:15:00'),
  (1292, 259, '2025-02-17 19:15:00', '2025-02-17 23:15:00'),
  (1293, 259, '2025-01-12 09:45:00', '2025-01-12 13:15:00'),
  (1294, 259, '2025-01-13 09:30:00', '2025-01-13 13:30:00'),
  (1295, 259, '2025-01-31 19:15:00', '2025-01-31 22:15:00'),
  (1296, 260, '2025-02-01 18:00:00', '2025-02-01 23:00:00'),
  (1297, 260, '2025-01-30 11:00:00', '2025-01-30 15:30:00'),
  (1298, 260, '2025-01-04 10:45:00', '2025-01-04 15:15:00'),
  (1299, 260, '2025-01-26 11:30:00', '2025-01-26 15:30:00'),
  (1300, 260, '2025-02-10 12:00:00', '2025-02-10 15:30:00'),
  (1301, 261, '2025-02-28 09:45:00', '2025-02-28 14:15:00'),
  (1302, 261, '2025-02-07 12:45:00', '2025-02-07 17:45:00'),
  (1303, 261, '2025-01-03 17:30:00', '2025-01-03 22:30:00'),
  (1304, 261, '2025-02-08 12:00:00', '2025-02-08 15:00:00'),
  (1305, 261, '2025-02-25 18:45:00', '2025-02-25 22:45:00'),
  (1306, 262, '2025-01-04 16:30:00', '2025-01-04 21:30:00'),
  (1307, 262, '2025-01-03 16:45:00', '2025-01-03 19:45:00'),
  (1308, 262, '2025-02-01 14:45:00', '2025-02-01 19:45:00'),
  (1309, 262, '2025-01-03 11:00:00', '2025-01-03 15:00:00'),
  (1310, 262, '2025-01-30 15:30:00', '2025-01-30 19:30:00'),
  (1311, 263, '2025-02-14 17:00:00', '2025-02-14 22:00:00'),
  (1312, 263, '2025-01-05 12:15:00', '2025-01-05 16:15:00'),
  (1313, 263, '2025-02-10 19:15:00', '2025-02-10 23:45:00'),
  (1314, 263, '2025-01-16 10:15:00', '2025-01-16 13:15:00'),
  (1315, 263, '2025-01-28 10:30:00', '2025-01-28 14:30:00'),
  (1316, 264, '2025-01-16 12:45:00', '2025-01-16 17:15:00'),
  (1317, 264, '2025-02-11 11:15:00', '2025-02-11 14:15:00'),
  (1318, 264, '2025-01-20 19:15:00', '2025-01-20 22:15:00'),
  (1319, 264, '2025-01-19 12:30:00', '2025-01-19 15:30:00'),
  (1320, 264, '2025-02-16 12:15:00', '2025-02-16 16:45:00'),
  (1321, 265, '2025-02-16 19:45:00', '2025-02-16 22:45:00'),
  (1322, 265, '2025-02-05 19:00:00', '2025-02-05 23:30:00'),
  (1323, 265, '2025-02-16 11:45:00', '2025-02-16 15:45:00'),
  (1324, 265, '2025-01-12 17:30:00', '2025-01-12 21:00:00'),
  (1325, 265, '2025-02-25 09:00:00', '2025-02-25 12:00:00'),
  (1326, 266, '2025-01-09 09:45:00', '2025-01-09 13:45:00'),
  (1327, 266, '2025-02-18 15:30:00', '2025-02-18 18:30:00'),
  (1328, 266, '2025-02-05 16:15:00', '2025-02-05 19:15:00'),
  (1329, 266, '2025-02-23 12:45:00', '2025-02-23 16:15:00'),
  (1330, 266, '2025-02-17 18:30:00', '2025-02-17 21:30:00'),
  (1331, 267, '2025-02-04 19:45:00', '2025-02-05 00:15:00'),
  (1332, 267, '2025-01-24 19:30:00', '2025-01-24 23:30:00'),
  (1333, 267, '2025-02-06 16:30:00', '2025-02-06 20:00:00'),
  (1334, 267, '2025-01-27 15:00:00', '2025-01-27 19:00:00'),
  (1335, 267, '2025-02-06 16:00:00', '2025-02-06 19:00:00'),
  (1336, 268, '2025-01-17 10:45:00', '2025-01-17 13:45:00'),
  (1337, 268, '2025-01-08 15:15:00', '2025-01-08 19:45:00'),
  (1338, 268, '2025-02-20 09:45:00', '2025-02-20 12:45:00'),
  (1339, 268, '2025-02-21 19:00:00', '2025-02-21 22:00:00'),
  (1340, 268, '2025-02-02 19:15:00', '2025-02-02 22:15:00'),
  (1341, 269, '2025-01-03 17:15:00', '2025-01-03 22:15:00'),
  (1342, 269, '2025-01-11 18:30:00', '2025-01-11 22:30:00'),
  (1343, 269, '2025-02-25 09:15:00', '2025-02-25 13:15:00'),
  (1344, 269, '2025-01-29 18:00:00', '2025-01-29 21:00:00'),
  (1345, 269, '2025-03-02 10:15:00', '2025-03-02 13:45:00'),
  (1346, 270, '2025-02-22 09:45:00', '2025-02-22 13:45:00'),
  (1347, 270, '2025-01-02 09:45:00', '2025-01-02 12:45:00'),
  (1348, 270, '2025-01-28 10:00:00', '2025-01-28 13:00:00'),
  (1349, 270, '2025-01-19 19:45:00', '2025-01-19 22:45:00'),
  (1350, 270, '2025-02-24 16:00:00', '2025-02-24 19:30:00'),
  (1351, 271, '2025-02-06 12:30:00', '2025-02-06 17:30:00'),
  (1352, 271, '2025-02-10 17:45:00', '2025-02-10 20:45:00'),
  (1353, 271, '2025-02-24 18:30:00', '2025-02-24 22:30:00'),
  (1354, 271, '2025-02-16 16:45:00', '2025-02-16 21:45:00'),
  (1355, 271, '2025-02-19 14:00:00', '2025-02-19 17:30:00'),
  (1356, 272, '2025-02-14 14:45:00', '2025-02-14 18:45:00'),
  (1357, 272, '2025-01-08 19:00:00', '2025-01-08 22:30:00'),
  (1358, 272, '2025-01-05 15:45:00', '2025-01-05 20:15:00'),
  (1359, 272, '2025-01-16 17:15:00', '2025-01-16 20:45:00'),
  (1360, 272, '2025-01-11 17:15:00', '2025-01-11 22:15:00'),
  (1361, 273, '2025-01-05 17:15:00', '2025-01-05 22:15:00'),
  (1362, 273, '2025-01-18 19:15:00', '2025-01-18 22:15:00'),
  (1363, 273, '2025-02-24 19:00:00', '2025-02-24 22:00:00'),
  (1364, 273, '2025-01-07 15:45:00', '2025-01-07 18:45:00'),
  (1365, 273, '2025-01-13 10:00:00', '2025-01-13 13:30:00'),
  (1366, 274, '2025-01-19 13:30:00', '2025-01-19 18:30:00'),
  (1367, 274, '2025-01-27 18:30:00', '2025-01-27 22:00:00'),
  (1368, 274, '2025-01-12 09:45:00', '2025-01-12 12:45:00'),
  (1369, 274, '2025-01-01 19:15:00', '2025-01-01 23:45:00'),
  (1370, 274, '2025-01-15 19:30:00', '2025-01-15 23:00:00'),
  (1371, 275, '2025-01-04 08:30:00', '2025-01-04 12:30:00'),
  (1372, 275, '2025-01-16 18:45:00', '2025-01-16 23:15:00'),
  (1373, 275, '2025-02-25 11:15:00', '2025-02-25 14:15:00'),
  (1374, 275, '2025-01-03 13:45:00', '2025-01-03 18:15:00'),
  (1375, 275, '2025-01-04 10:30:00', '2025-01-04 13:30:00'),
  (1376, 276, '2025-01-08 12:45:00', '2025-01-08 17:45:00'),
  (1377, 276, '2025-02-20 18:15:00', '2025-02-20 22:15:00'),
  (1378, 276, '2025-01-11 16:30:00', '2025-01-11 20:00:00'),
  (1379, 276, '2025-02-03 15:30:00', '2025-02-03 18:30:00'),
  (1380, 276, '2025-01-19 10:30:00', '2025-01-19 15:30:00'),
  (1381, 277, '2025-02-11 17:00:00', '2025-02-11 21:00:00'),
  (1382, 277, '2025-01-30 08:30:00', '2025-01-30 12:00:00'),
  (1383, 277, '2025-02-09 13:00:00', '2025-02-09 17:00:00'),
  (1384, 277, '2025-01-11 08:30:00', '2025-01-11 13:30:00'),
  (1385, 277, '2025-02-01 11:00:00', '2025-02-01 15:30:00'),
  (1386, 278, '2025-02-28 18:30:00', '2025-02-28 21:30:00'),
  (1387, 278, '2025-01-20 12:00:00', '2025-01-20 15:30:00'),
  (1388, 278, '2025-02-18 09:45:00', '2025-02-18 12:45:00'),
  (1389, 278, '2025-02-13 13:00:00', '2025-02-13 16:30:00'),
  (1390, 278, '2025-02-03 09:00:00', '2025-02-03 12:30:00'),
  (1391, 279, '2025-03-01 15:30:00', '2025-03-01 18:30:00'),
  (1392, 279, '2025-01-24 11:15:00', '2025-01-24 15:15:00'),
  (1393, 279, '2025-01-03 12:30:00', '2025-01-03 15:30:00'),
  (1394, 279, '2025-02-03 10:30:00', '2025-02-03 14:30:00'),
  (1395, 279, '2025-02-25 18:45:00', '2025-02-25 23:45:00'),
  (1396, 280, '2025-02-23 15:00:00', '2025-02-23 19:30:00'),
  (1397, 280, '2025-03-01 16:30:00', '2025-03-01 21:00:00'),
  (1398, 280, '2025-01-16 10:00:00', '2025-01-16 14:00:00'),
  (1399, 280, '2025-02-11 14:00:00', '2025-02-11 17:30:00'),
  (1400, 280, '2025-02-05 19:00:00', '2025-02-05 22:30:00'),
  (1401, 281, '2025-01-11 15:45:00', '2025-01-11 18:45:00'),
  (1402, 281, '2025-02-09 10:30:00', '2025-02-09 13:30:00'),
  (1403, 281, '2025-01-24 09:45:00', '2025-01-24 13:15:00'),
  (1404, 281, '2025-01-26 09:15:00', '2025-01-26 13:15:00'),
  (1405, 281, '2025-03-01 13:15:00', '2025-03-01 16:15:00'),
  (1406, 282, '2025-01-25 08:45:00', '2025-01-25 11:45:00'),
  (1407, 282, '2025-02-28 10:15:00', '2025-02-28 13:15:00'),
  (1408, 282, '2025-02-25 19:15:00', '2025-02-25 22:45:00'),
  (1409, 282, '2025-01-04 14:00:00', '2025-01-04 18:00:00'),
  (1410, 282, '2025-01-18 14:45:00', '2025-01-18 19:45:00'),
  (1411, 283, '2025-01-15 16:15:00', '2025-01-15 19:15:00'),
  (1412, 283, '2025-02-17 09:45:00', '2025-02-17 13:15:00'),
  (1413, 283, '2025-01-15 08:30:00', '2025-01-15 13:30:00'),
  (1414, 283, '2025-01-04 09:45:00', '2025-01-04 13:15:00'),
  (1415, 283, '2025-02-07 14:45:00', '2025-02-07 19:45:00'),
  (1416, 284, '2025-01-27 12:15:00', '2025-01-27 15:45:00'),
  (1417, 284, '2025-01-02 11:30:00', '2025-01-02 15:00:00'),
  (1418, 284, '2025-02-28 10:30:00', '2025-02-28 15:00:00'),
  (1419, 284, '2025-02-17 17:15:00', '2025-02-17 21:45:00'),
  (1420, 284, '2025-03-02 13:45:00', '2025-03-02 17:15:00'),
  (1421, 285, '2025-01-07 09:45:00', '2025-01-07 14:15:00'),
  (1422, 285, '2025-01-28 09:15:00', '2025-01-28 13:15:00'),
  (1423, 285, '2025-01-21 09:45:00', '2025-01-21 14:15:00'),
  (1424, 285, '2025-02-24 18:30:00', '2025-02-24 22:00:00'),
  (1425, 285, '2025-01-11 19:45:00', '2025-01-12 00:15:00'),
  (1426, 286, '2025-02-10 10:45:00', '2025-02-10 14:15:00'),
  (1427, 286, '2025-01-21 12:45:00', '2025-01-21 15:45:00'),
  (1428, 286, '2025-01-27 14:00:00', '2025-01-27 19:00:00'),
  (1429, 286, '2025-02-02 15:45:00', '2025-02-02 20:45:00'),
  (1430, 286, '2025-01-13 10:45:00', '2025-01-13 14:15:00'),
  (1431, 287, '2025-01-24 09:45:00', '2025-01-24 13:15:00'),
  (1432, 287, '2025-02-13 16:30:00', '2025-02-13 19:30:00'),
  (1433, 287, '2025-03-01 16:45:00', '2025-03-01 20:15:00'),
  (1434, 287, '2025-02-20 09:45:00', '2025-02-20 13:45:00'),
  (1435, 287, '2025-03-02 11:30:00', '2025-03-02 14:30:00'),
  (1436, 288, '2025-02-17 10:45:00', '2025-02-17 15:45:00'),
  (1437, 288, '2025-01-12 08:15:00', '2025-01-12 11:45:00'),
  (1438, 288, '2025-01-20 15:30:00', '2025-01-20 18:30:00'),
  (1439, 288, '2025-02-06 19:45:00', '2025-02-06 23:15:00'),
  (1440, 288, '2025-01-10 14:00:00', '2025-01-10 19:00:00'),
  (1441, 289, '2025-02-08 16:00:00', '2025-02-08 20:00:00'),
  (1442, 289, '2025-02-27 12:30:00', '2025-02-27 15:30:00'),
  (1443, 289, '2025-01-03 10:30:00', '2025-01-03 15:00:00'),
  (1444, 289, '2025-02-06 08:30:00', '2025-02-06 12:00:00'),
  (1445, 289, '2025-01-28 11:30:00', '2025-01-28 14:30:00'),
  (1446, 290, '2025-01-30 13:00:00', '2025-01-30 17:00:00'),
  (1447, 290, '2025-01-18 15:00:00', '2025-01-18 18:30:00'),
  (1448, 290, '2025-01-24 19:45:00', '2025-01-25 00:15:00'),
  (1449, 290, '2025-01-23 13:15:00', '2025-01-23 18:15:00'),
  (1450, 290, '2025-01-31 10:15:00', '2025-01-31 14:15:00'),
  (1451, 291, '2025-01-05 08:15:00', '2025-01-05 12:15:00'),
  (1452, 291, '2025-01-03 10:45:00', '2025-01-03 15:45:00'),
  (1453, 291, '2025-02-28 09:30:00', '2025-02-28 12:30:00'),
  (1454, 291, '2025-02-24 13:45:00', '2025-02-24 18:45:00'),
  (1455, 291, '2025-01-27 14:00:00', '2025-01-27 19:00:00'),
  (1456, 292, '2025-02-07 13:15:00', '2025-02-07 17:15:00'),
  (1457, 292, '2025-01-30 09:45:00', '2025-01-30 13:45:00'),
  (1458, 292, '2025-01-19 09:00:00', '2025-01-19 12:00:00'),
  (1459, 292, '2025-01-13 16:45:00', '2025-01-13 21:15:00'),
  (1460, 292, '2025-02-07 09:45:00', '2025-02-07 14:15:00'),
  (1461, 293, '2025-01-24 14:00:00', '2025-01-24 19:00:00'),
  (1462, 293, '2025-02-20 16:30:00', '2025-02-20 20:30:00'),
  (1463, 293, '2025-01-06 10:00:00', '2025-01-06 13:30:00'),
  (1464, 293, '2025-01-01 09:00:00', '2025-01-01 14:00:00'),
  (1465, 293, '2025-01-22 16:30:00', '2025-01-22 20:30:00'),
  (1466, 294, '2025-01-19 10:00:00', '2025-01-19 15:00:00'),
  (1467, 294, '2025-02-01 12:30:00', '2025-02-01 17:00:00'),
  (1468, 294, '2025-01-12 18:30:00', '2025-01-12 23:00:00'),
  (1469, 294, '2025-01-18 12:15:00', '2025-01-18 15:45:00'),
  (1470, 294, '2025-01-12 18:00:00', '2025-01-12 22:30:00'),
  (1471, 295, '2025-02-08 13:15:00', '2025-02-08 18:15:00'),
  (1472, 295, '2025-01-30 08:00:00', '2025-01-30 12:30:00'),
  (1473, 295, '2025-01-20 11:45:00', '2025-01-20 15:15:00'),
  (1474, 295, '2025-03-01 14:30:00', '2025-03-01 18:00:00'),
  (1475, 295, '2025-02-02 10:15:00', '2025-02-02 15:15:00'),
  (1476, 296, '2025-01-29 16:30:00', '2025-01-29 19:30:00'),
  (1477, 296, '2025-03-01 08:00:00', '2025-03-01 11:30:00'),
  (1478, 296, '2025-01-06 18:15:00', '2025-01-06 21:45:00'),
  (1479, 296, '2025-02-18 10:15:00', '2025-02-18 14:45:00'),
  (1480, 296, '2025-01-01 13:45:00', '2025-01-01 16:45:00'),
  (1481, 297, '2025-02-25 16:00:00', '2025-02-25 19:00:00'),
  (1482, 297, '2025-01-28 17:45:00', '2025-01-28 22:45:00'),
  (1483, 297, '2025-01-25 10:15:00', '2025-01-25 13:45:00'),
  (1484, 297, '2025-02-05 16:45:00', '2025-02-05 20:15:00'),
  (1485, 297, '2025-02-08 18:15:00', '2025-02-08 23:15:00'),
  (1486, 298, '2025-02-22 10:15:00', '2025-02-22 13:15:00'),
  (1487, 298, '2025-02-15 16:15:00', '2025-02-15 20:15:00'),
  (1488, 298, '2025-01-07 14:00:00', '2025-01-07 19:00:00'),
  (1489, 298, '2025-02-13 14:30:00', '2025-02-13 17:30:00'),
  (1490, 298, '2025-01-11 16:30:00', '2025-01-11 19:30:00'),
  (1491, 299, '2025-01-15 15:45:00', '2025-01-15 19:15:00'),
  (1492, 299, '2025-01-03 08:15:00', '2025-01-03 11:45:00'),
  (1493, 299, '2025-01-15 13:45:00', '2025-01-15 17:15:00'),
  (1494, 299, '2025-02-07 13:15:00', '2025-02-07 17:45:00'),
  (1495, 299, '2025-01-13 13:15:00', '2025-01-13 16:15:00'),
  (1496, 300, '2025-02-20 08:00:00', '2025-02-20 12:30:00'),
  (1497, 300, '2025-01-16 10:00:00', '2025-01-16 13:00:00'),
  (1498, 300, '2025-02-13 11:15:00', '2025-02-13 15:15:00'),
  (1499, 300, '2025-02-26 10:15:00', '2025-02-26 14:15:00'),
  (1500, 300, '2025-02-23 08:15:00', '2025-02-23 11:15:00'),
  (1501, 301, '2025-01-14 17:15:00', '2025-01-14 21:45:00'),
  (1502, 301, '2025-01-11 18:45:00', '2025-01-11 23:15:00'),
  (1503, 301, '2025-02-11 19:45:00', '2025-02-12 00:15:00'),
  (1504, 301, '2025-02-24 16:45:00', '2025-02-24 19:45:00'),
  (1505, 301, '2025-02-09 18:45:00', '2025-02-09 22:45:00'),
  (1506, 302, '2025-02-09 08:00:00', '2025-02-09 11:00:00'),
  (1507, 302, '2025-01-27 15:45:00', '2025-01-27 19:45:00'),
  (1508, 302, '2025-01-15 14:00:00', '2025-01-15 18:30:00'),
  (1509, 302, '2025-01-18 14:45:00', '2025-01-18 18:45:00'),
  (1510, 302, '2025-01-13 19:15:00', '2025-01-14 00:15:00'),
  (1511, 303, '2025-01-25 08:30:00', '2025-01-25 11:30:00'),
  (1512, 303, '2025-02-12 13:00:00', '2025-02-12 17:30:00'),
  (1513, 303, '2025-01-29 08:00:00', '2025-01-29 11:30:00'),
  (1514, 303, '2025-01-25 10:00:00', '2025-01-25 13:00:00'),
  (1515, 303, '2025-01-26 09:00:00', '2025-01-26 12:00:00'),
  (1516, 304, '2025-01-18 18:00:00', '2025-01-18 22:00:00'),
  (1517, 304, '2025-02-01 09:15:00', '2025-02-01 12:45:00'),
  (1518, 304, '2025-02-28 16:00:00', '2025-02-28 20:30:00'),
  (1519, 304, '2025-01-25 19:45:00', '2025-01-25 22:45:00'),
  (1520, 304, '2025-01-26 10:45:00', '2025-01-26 13:45:00'),
  (1521, 305, '2025-01-13 08:00:00', '2025-01-13 13:00:00'),
  (1522, 305, '2025-02-01 13:30:00', '2025-02-01 17:00:00'),
  (1523, 305, '2025-02-15 19:00:00', '2025-02-16 00:00:00'),
  (1524, 305, '2025-01-31 13:15:00', '2025-01-31 18:15:00'),
  (1525, 305, '2025-02-26 13:15:00', '2025-02-26 17:45:00'),
  (1526, 306, '2025-01-17 12:15:00', '2025-01-17 15:45:00'),
  (1527, 306, '2025-01-12 17:45:00', '2025-01-12 20:45:00'),
  (1528, 306, '2025-02-27 10:15:00', '2025-02-27 14:45:00'),
  (1529, 306, '2025-01-30 17:45:00', '2025-01-30 21:45:00'),
  (1530, 306, '2025-02-20 15:00:00', '2025-02-20 18:30:00'),
  (1531, 307, '2025-01-07 14:15:00', '2025-01-07 17:15:00'),
  (1532, 307, '2025-01-06 12:15:00', '2025-01-06 16:45:00'),
  (1533, 307, '2025-01-26 19:00:00', '2025-01-26 23:00:00'),
  (1534, 307, '2025-01-03 12:45:00', '2025-01-03 17:15:00'),
  (1535, 307, '2025-01-16 13:00:00', '2025-01-16 16:30:00'),
  (1536, 308, '2025-01-06 18:15:00', '2025-01-06 22:45:00'),
  (1537, 308, '2025-02-21 15:00:00', '2025-02-21 19:30:00'),
  (1538, 308, '2025-01-01 15:15:00', '2025-01-01 19:45:00'),
  (1539, 308, '2025-02-15 18:15:00', '2025-02-15 21:15:00'),
  (1540, 308, '2025-02-19 18:15:00', '2025-02-19 22:15:00'),
  (1541, 309, '2025-01-12 12:15:00', '2025-01-12 15:15:00'),
  (1542, 309, '2025-01-11 13:00:00', '2025-01-11 17:30:00'),
  (1543, 309, '2025-02-18 19:45:00', '2025-02-19 00:15:00'),
  (1544, 309, '2025-02-22 16:30:00', '2025-02-22 21:30:00'),
  (1545, 309, '2025-02-19 15:30:00', '2025-02-19 20:30:00'),
  (1546, 310, '2025-01-31 08:15:00', '2025-01-31 13:15:00'),
  (1547, 310, '2025-02-26 16:15:00', '2025-02-26 21:15:00'),
  (1548, 310, '2025-01-27 17:15:00', '2025-01-27 21:15:00'),
  (1549, 310, '2025-01-01 12:30:00', '2025-01-01 16:00:00'),
  (1550, 310, '2025-03-02 10:15:00', '2025-03-02 13:45:00'),
  (1551, 311, '2025-02-08 13:00:00', '2025-02-08 16:00:00'),
  (1552, 311, '2025-01-14 12:30:00', '2025-01-14 15:30:00'),
  (1553, 311, '2025-02-05 15:45:00', '2025-02-05 19:15:00'),
  (1554, 311, '2025-01-06 11:00:00', '2025-01-06 15:00:00'),
  (1555, 311, '2025-02-27 11:30:00', '2025-02-27 15:00:00'),
  (1556, 312, '2025-01-16 08:00:00', '2025-01-16 11:00:00'),
  (1557, 312, '2025-01-26 11:45:00', '2025-01-26 16:45:00'),
  (1558, 312, '2025-02-11 12:45:00', '2025-02-11 15:45:00'),
  (1559, 312, '2025-02-04 14:00:00', '2025-02-04 18:30:00'),
  (1560, 312, '2025-01-24 16:15:00', '2025-01-24 20:45:00'),
  (1561, 313, '2025-02-18 11:00:00', '2025-02-18 14:00:00'),
  (1562, 313, '2025-02-09 09:00:00', '2025-02-09 14:00:00'),
  (1563, 313, '2025-02-16 09:00:00', '2025-02-16 14:00:00'),
  (1564, 313, '2025-02-16 13:00:00', '2025-02-16 18:00:00'),
  (1565, 313, '2025-01-19 15:30:00', '2025-01-19 20:30:00'),
  (1566, 314, '2025-01-20 08:15:00', '2025-01-20 13:15:00'),
  (1567, 314, '2025-01-11 16:00:00', '2025-01-11 21:00:00'),
  (1568, 314, '2025-02-20 08:15:00', '2025-02-20 13:15:00'),
  (1569, 314, '2025-02-08 17:45:00', '2025-02-08 20:45:00'),
  (1570, 314, '2025-02-07 16:15:00', '2025-02-07 20:15:00'),
  (1571, 315, '2025-03-02 15:45:00', '2025-03-02 19:45:00'),
  (1572, 315, '2025-01-22 10:15:00', '2025-01-22 13:45:00'),
  (1573, 315, '2025-01-04 16:30:00', '2025-01-04 20:30:00'),
  (1574, 315, '2025-01-11 16:15:00', '2025-01-11 20:45:00'),
  (1575, 315, '2025-01-02 11:00:00', '2025-01-02 15:30:00'),
  (1576, 316, '2025-03-02 17:30:00', '2025-03-02 21:30:00'),
  (1577, 316, '2025-02-16 12:00:00', '2025-02-16 16:00:00'),
  (1578, 316, '2025-02-18 19:30:00', '2025-02-18 23:30:00'),
  (1579, 316, '2025-02-07 18:00:00', '2025-02-07 21:30:00'),
  (1580, 316, '2025-02-09 09:00:00', '2025-02-09 14:00:00'),
  (1581, 317, '2025-01-14 18:30:00', '2025-01-14 23:00:00'),
  (1582, 317, '2025-01-14 13:15:00', '2025-01-14 17:45:00'),
  (1583, 317, '2025-03-02 17:15:00', '2025-03-02 21:15:00'),
  (1584, 317, '2025-02-19 13:30:00', '2025-02-19 17:30:00'),
  (1585, 317, '2025-02-24 15:00:00', '2025-02-24 20:00:00'),
  (1586, 318, '2025-01-12 08:45:00', '2025-01-12 13:45:00'),
  (1587, 318, '2025-01-07 11:30:00', '2025-01-07 14:30:00'),
  (1588, 318, '2025-01-25 14:00:00', '2025-01-25 17:00:00'),
  (1589, 318, '2025-02-07 09:45:00', '2025-02-07 14:15:00'),
  (1590, 318, '2025-02-02 19:45:00', '2025-02-02 23:15:00'),
  (1591, 319, '2025-01-09 13:00:00', '2025-01-09 16:30:00'),
  (1592, 319, '2025-02-20 16:45:00', '2025-02-20 20:15:00'),
  (1593, 319, '2025-02-16 08:45:00', '2025-02-16 13:15:00'),
  (1594, 319, '2025-01-13 13:00:00', '2025-01-13 16:30:00'),
  (1595, 319, '2025-01-29 15:15:00', '2025-01-29 19:15:00'),
  (1596, 320, '2025-02-14 11:45:00', '2025-02-14 14:45:00'),
  (1597, 320, '2025-01-31 12:30:00', '2025-01-31 16:00:00'),
  (1598, 320, '2025-01-18 15:30:00', '2025-01-18 19:00:00'),
  (1599, 320, '2025-01-24 12:15:00', '2025-01-24 16:15:00'),
  (1600, 320, '2025-01-02 15:00:00', '2025-01-02 19:30:00'),
  (1601, 321, '2025-02-15 08:15:00', '2025-02-15 12:15:00'),
  (1602, 321, '2025-02-10 09:45:00', '2025-02-10 14:45:00'),
  (1603, 321, '2025-02-10 10:00:00', '2025-02-10 14:30:00'),
  (1604, 321, '2025-01-02 08:15:00', '2025-01-02 11:45:00'),
  (1605, 321, '2025-01-27 16:15:00', '2025-01-27 20:45:00'),
  (1606, 322, '2025-02-13 19:30:00', '2025-02-13 23:00:00'),
  (1607, 322, '2025-01-20 15:15:00', '2025-01-20 18:15:00'),
  (1608, 322, '2025-01-09 11:00:00', '2025-01-09 16:00:00'),
  (1609, 322, '2025-02-20 17:30:00', '2025-02-20 22:30:00'),
  (1610, 322, '2025-02-07 19:15:00', '2025-02-07 22:15:00'),
  (1611, 323, '2025-01-16 14:45:00', '2025-01-16 18:15:00'),
  (1612, 323, '2025-01-30 15:15:00', '2025-01-30 18:45:00'),
  (1613, 323, '2025-02-12 15:30:00', '2025-02-12 18:30:00'),
  (1614, 323, '2025-01-09 18:30:00', '2025-01-09 22:30:00'),
  (1615, 323, '2025-01-18 09:15:00', '2025-01-18 13:15:00'),
  (1616, 324, '2025-01-05 11:15:00', '2025-01-05 15:15:00'),
  (1617, 324, '2025-01-31 18:30:00', '2025-01-31 22:30:00'),
  (1618, 324, '2025-01-16 12:15:00', '2025-01-16 16:45:00'),
  (1619, 324, '2025-02-19 19:15:00', '2025-02-19 22:45:00'),
  (1620, 324, '2025-01-18 15:00:00', '2025-01-18 18:00:00'),
  (1621, 325, '2025-01-06 09:45:00', '2025-01-06 13:45:00'),
  (1622, 325, '2025-01-31 13:30:00', '2025-01-31 18:30:00'),
  (1623, 325, '2025-02-12 10:45:00', '2025-02-12 15:45:00'),
  (1624, 325, '2025-01-14 18:15:00', '2025-01-14 21:15:00'),
  (1625, 325, '2025-02-10 08:15:00', '2025-02-10 11:45:00'),
  (1626, 326, '2025-02-20 11:00:00', '2025-02-20 15:00:00'),
  (1627, 326, '2025-01-14 13:00:00', '2025-01-14 16:30:00'),
  (1628, 326, '2025-02-04 13:00:00', '2025-02-04 16:30:00'),
  (1629, 326, '2025-02-06 16:00:00', '2025-02-06 20:30:00'),
  (1630, 326, '2025-01-13 12:45:00', '2025-01-13 17:15:00'),
  (1631, 327, '2025-03-01 16:15:00', '2025-03-01 19:45:00'),
  (1632, 327, '2025-02-01 19:45:00', '2025-02-02 00:15:00'),
  (1633, 327, '2025-02-27 18:15:00', '2025-02-27 22:15:00'),
  (1634, 327, '2025-02-20 19:45:00', '2025-02-21 00:15:00'),
  (1635, 327, '2025-01-13 16:00:00', '2025-01-13 20:00:00'),
  (1636, 328, '2025-01-02 17:45:00', '2025-01-02 22:45:00'),
  (1637, 328, '2025-02-24 18:30:00', '2025-02-24 23:30:00'),
  (1638, 328, '2025-03-01 08:00:00', '2025-03-01 12:30:00'),
  (1639, 328, '2025-02-01 10:30:00', '2025-02-01 15:30:00'),
  (1640, 328, '2025-01-22 09:45:00', '2025-01-22 14:15:00'),
  (1641, 329, '2025-01-11 14:45:00', '2025-01-11 19:45:00'),
  (1642, 329, '2025-02-02 10:00:00', '2025-02-02 13:00:00'),
  (1643, 329, '2025-02-17 19:45:00', '2025-02-18 00:15:00'),
  (1644, 329, '2025-01-09 16:30:00', '2025-01-09 19:30:00'),
  (1645, 329, '2025-02-23 10:30:00', '2025-02-23 15:30:00'),
  (1646, 330, '2025-02-20 14:45:00', '2025-02-20 18:45:00'),
  (1647, 330, '2025-01-12 19:30:00', '2025-01-12 22:30:00'),
  (1648, 330, '2025-01-02 08:30:00', '2025-01-02 13:30:00'),
  (1649, 330, '2025-02-09 15:00:00', '2025-02-09 19:00:00'),
  (1650, 330, '2025-01-11 12:30:00', '2025-01-11 16:00:00'),
  (1651, 331, '2025-01-28 10:45:00', '2025-01-28 15:15:00'),
  (1652, 331, '2025-02-08 17:00:00', '2025-02-08 21:00:00'),
  (1653, 331, '2025-01-14 11:45:00', '2025-01-14 14:45:00'),
  (1654, 331, '2025-01-25 14:30:00', '2025-01-25 19:30:00'),
  (1655, 331, '2025-01-21 18:00:00', '2025-01-21 21:00:00'),
  (1656, 332, '2025-01-07 18:45:00', '2025-01-07 22:15:00'),
  (1657, 332, '2025-01-15 08:00:00', '2025-01-15 12:00:00'),
  (1658, 332, '2025-01-09 19:30:00', '2025-01-10 00:30:00'),
  (1659, 332, '2025-02-21 17:30:00', '2025-02-21 22:30:00'),
  (1660, 332, '2025-01-07 14:30:00', '2025-01-07 18:00:00'),
  (1661, 333, '2025-01-22 19:00:00', '2025-01-23 00:00:00'),
  (1662, 333, '2025-01-15 18:00:00', '2025-01-15 22:30:00'),
  (1663, 333, '2025-01-08 17:00:00', '2025-01-08 21:30:00'),
  (1664, 333, '2025-01-06 09:15:00', '2025-01-06 12:15:00'),
  (1665, 333, '2025-01-08 18:15:00', '2025-01-08 23:15:00'),
  (1666, 334, '2025-01-20 13:45:00', '2025-01-20 17:45:00'),
  (1667, 334, '2025-01-08 10:00:00', '2025-01-08 13:00:00'),
  (1668, 334, '2025-02-26 13:45:00', '2025-02-26 18:45:00'),
  (1669, 334, '2025-02-22 11:00:00', '2025-02-22 15:00:00'),
  (1670, 334, '2025-02-07 19:30:00', '2025-02-07 23:30:00'),
  (1671, 335, '2025-01-03 13:00:00', '2025-01-03 18:00:00'),
  (1672, 335, '2025-01-03 09:15:00', '2025-01-03 12:15:00'),
  (1673, 335, '2025-02-11 18:00:00', '2025-02-11 22:00:00'),
  (1674, 335, '2025-02-08 15:30:00', '2025-02-08 20:30:00'),
  (1675, 335, '2025-02-04 13:15:00', '2025-02-04 16:45:00'),
  (1676, 336, '2025-01-09 15:45:00', '2025-01-09 20:15:00'),
  (1677, 336, '2025-02-27 09:45:00', '2025-02-27 14:45:00'),
  (1678, 336, '2025-01-14 09:00:00', '2025-01-14 12:30:00'),
  (1679, 336, '2025-02-08 12:00:00', '2025-02-08 15:00:00'),
  (1680, 336, '2025-01-20 19:15:00', '2025-01-20 23:15:00'),
  (1681, 337, '2025-01-19 14:45:00', '2025-01-19 17:45:00'),
  (1682, 337, '2025-02-01 12:00:00', '2025-02-01 15:00:00'),
  (1683, 337, '2025-01-18 16:15:00', '2025-01-18 20:15:00'),
  (1684, 337, '2025-02-15 11:15:00', '2025-02-15 16:15:00'),
  (1685, 337, '2025-02-27 09:00:00', '2025-02-27 14:00:00'),
  (1686, 338, '2025-01-13 08:30:00', '2025-01-13 13:00:00'),
  (1687, 338, '2025-02-10 13:30:00', '2025-02-10 17:30:00'),
  (1688, 338, '2025-01-15 12:30:00', '2025-01-15 17:00:00'),
  (1689, 338, '2025-01-29 09:45:00', '2025-01-29 14:45:00'),
  (1690, 338, '2025-01-20 19:00:00', '2025-01-21 00:00:00'),
  (1691, 339, '2025-01-24 08:30:00', '2025-01-24 12:30:00'),
  (1692, 339, '2025-02-21 12:00:00', '2025-02-21 17:00:00'),
  (1693, 339, '2025-02-05 16:30:00', '2025-02-05 20:00:00'),
  (1694, 339, '2025-01-15 13:15:00', '2025-01-15 16:45:00'),
  (1695, 339, '2025-01-27 09:00:00', '2025-01-27 13:00:00'),
  (1696, 340, '2025-02-10 18:00:00', '2025-02-10 23:00:00'),
  (1697, 340, '2025-01-28 16:45:00', '2025-01-28 19:45:00'),
  (1698, 340, '2025-01-23 15:30:00', '2025-01-23 18:30:00'),
  (1699, 340, '2025-01-16 10:30:00', '2025-01-16 14:30:00'),
  (1700, 340, '2025-02-17 13:45:00', '2025-02-17 18:45:00'),
  (1701, 341, '2025-01-06 18:45:00', '2025-01-06 23:45:00'),
  (1702, 341, '2025-02-07 15:30:00', '2025-02-07 20:00:00'),
  (1703, 341, '2025-01-23 13:15:00', '2025-01-23 18:15:00'),
  (1704, 341, '2025-02-23 08:00:00', '2025-02-23 11:30:00'),
  (1705, 341, '2025-02-25 11:00:00', '2025-02-25 14:00:00'),
  (1706, 342, '2025-01-31 13:00:00', '2025-01-31 17:00:00'),
  (1707, 342, '2025-01-10 15:30:00', '2025-01-10 20:30:00'),
  (1708, 342, '2025-01-16 17:00:00', '2025-01-16 22:00:00'),
  (1709, 342, '2025-02-23 08:45:00', '2025-02-23 12:45:00'),
  (1710, 342, '2025-01-14 12:30:00', '2025-01-14 16:30:00'),
  (1711, 343, '2025-01-01 10:30:00', '2025-01-01 15:00:00'),
  (1712, 343, '2025-03-01 11:15:00', '2025-03-01 16:15:00'),
  (1713, 343, '2025-01-19 10:15:00', '2025-01-19 15:15:00'),
  (1714, 343, '2025-01-01 09:15:00', '2025-01-01 14:15:00'),
  (1715, 343, '2025-02-13 16:30:00', '2025-02-13 20:00:00'),
  (1716, 344, '2025-01-21 14:30:00', '2025-01-21 18:00:00'),
  (1717, 344, '2025-01-27 16:00:00', '2025-01-27 20:30:00'),
  (1718, 344, '2025-02-24 15:30:00', '2025-02-24 19:30:00'),
  (1719, 344, '2025-02-28 16:00:00', '2025-02-28 20:00:00'),
  (1720, 344, '2025-01-31 13:45:00', '2025-01-31 18:45:00'),
  (1721, 345, '2025-02-01 17:30:00', '2025-02-01 21:30:00'),
  (1722, 345, '2025-02-20 17:00:00', '2025-02-20 21:00:00'),
  (1723, 345, '2025-01-14 13:00:00', '2025-01-14 16:00:00'),
  (1724, 345, '2025-02-08 15:30:00', '2025-02-08 19:00:00'),
  (1725, 345, '2025-02-22 12:00:00', '2025-02-22 16:30:00'),
  (1726, 346, '2025-02-19 13:30:00', '2025-02-19 16:30:00'),
  (1727, 346, '2025-02-16 19:15:00', '2025-02-16 22:15:00'),
  (1728, 346, '2025-01-01 08:15:00', '2025-01-01 12:15:00'),
  (1729, 346, '2025-01-17 10:30:00', '2025-01-17 15:30:00'),
  (1730, 346, '2025-02-07 15:30:00', '2025-02-07 20:00:00'),
  (1731, 347, '2025-01-23 12:15:00', '2025-01-23 15:45:00'),
  (1732, 347, '2025-01-31 17:00:00', '2025-01-31 21:00:00'),
  (1733, 347, '2025-02-06 14:45:00', '2025-02-06 19:45:00'),
  (1734, 347, '2025-01-28 17:30:00', '2025-01-28 21:00:00'),
  (1735, 347, '2025-01-11 18:15:00', '2025-01-11 22:15:00'),
  (1736, 348, '2025-02-24 12:45:00', '2025-02-24 15:45:00'),
  (1737, 348, '2025-02-01 15:00:00', '2025-02-01 19:30:00'),
  (1738, 348, '2025-01-01 12:15:00', '2025-01-01 17:15:00'),
  (1739, 348, '2025-01-12 18:15:00', '2025-01-12 22:45:00'),
  (1740, 348, '2025-02-04 10:45:00', '2025-02-04 14:45:00'),
  (1741, 349, '2025-01-04 12:00:00', '2025-01-04 17:00:00'),
  (1742, 349, '2025-02-22 13:30:00', '2025-02-22 18:00:00'),
  (1743, 349, '2025-02-21 11:45:00', '2025-02-21 16:45:00'),
  (1744, 349, '2025-02-17 19:00:00', '2025-02-17 23:30:00'),
  (1745, 349, '2025-01-08 19:30:00', '2025-01-09 00:30:00'),
  (1746, 350, '2025-02-13 14:15:00', '2025-02-13 17:45:00'),
  (1747, 350, '2025-01-02 14:15:00', '2025-01-02 17:45:00'),
  (1748, 350, '2025-03-01 19:45:00', '2025-03-01 23:45:00'),
  (1749, 350, '2025-01-19 12:00:00', '2025-01-19 16:30:00'),
  (1750, 350, '2025-01-21 12:45:00', '2025-01-21 17:45:00'),
  (1751, 351, '2025-01-08 14:15:00', '2025-01-08 17:15:00'),
  (1752, 351, '2025-01-19 11:00:00', '2025-01-19 14:30:00'),
  (1753, 351, '2025-02-05 08:00:00', '2025-02-05 12:30:00'),
  (1754, 351, '2025-02-14 19:30:00', '2025-02-15 00:30:00'),
  (1755, 351, '2025-01-18 13:30:00', '2025-01-18 18:00:00'),
  (1756, 352, '2025-01-29 12:15:00', '2025-01-29 17:15:00'),
  (1757, 352, '2025-01-10 10:30:00', '2025-01-10 15:00:00'),
  (1758, 352, '2025-01-24 18:30:00', '2025-01-24 21:30:00'),
  (1759, 352, '2025-02-02 19:30:00', '2025-02-03 00:00:00'),
  (1760, 352, '2025-01-15 19:30:00', '2025-01-15 23:30:00'),
  (1761, 353, '2025-02-27 11:15:00', '2025-02-27 14:15:00'),
  (1762, 353, '2025-02-04 14:15:00', '2025-02-04 19:15:00'),
  (1763, 353, '2025-01-03 13:15:00', '2025-01-03 16:15:00'),
  (1764, 353, '2025-01-09 16:15:00', '2025-01-09 19:15:00'),
  (1765, 353, '2025-01-31 11:15:00', '2025-01-31 15:15:00'),
  (1766, 354, '2025-02-12 10:45:00', '2025-02-12 14:15:00'),
  (1767, 354, '2025-02-14 11:00:00', '2025-02-14 16:00:00'),
  (1768, 354, '2025-02-10 14:30:00', '2025-02-10 19:30:00'),
  (1769, 354, '2025-01-12 18:45:00', '2025-01-12 22:15:00'),
  (1770, 354, '2025-02-04 14:15:00', '2025-02-04 18:15:00'),
  (1771, 355, '2025-02-13 10:30:00', '2025-02-13 14:00:00'),
  (1772, 355, '2025-02-27 08:15:00', '2025-02-27 11:15:00'),
  (1773, 355, '2025-02-12 17:15:00', '2025-02-12 20:45:00'),
  (1774, 355, '2025-01-24 14:30:00', '2025-01-24 17:30:00'),
  (1775, 355, '2025-02-17 08:15:00', '2025-02-17 13:15:00'),
  (1776, 356, '2025-01-25 13:45:00', '2025-01-25 17:15:00'),
  (1777, 356, '2025-01-17 19:45:00', '2025-01-17 23:15:00'),
  (1778, 356, '2025-01-30 18:00:00', '2025-01-30 21:30:00'),
  (1779, 356, '2025-01-19 14:15:00', '2025-01-19 17:45:00'),
  (1780, 356, '2025-01-30 19:15:00', '2025-01-31 00:15:00'),
  (1781, 357, '2025-02-01 08:00:00', '2025-02-01 12:30:00'),
  (1782, 357, '2025-01-20 11:30:00', '2025-01-20 16:30:00'),
  (1783, 357, '2025-01-19 12:30:00', '2025-01-19 16:30:00'),
  (1784, 357, '2025-01-08 10:00:00', '2025-01-08 15:00:00'),
  (1785, 357, '2025-01-30 12:30:00', '2025-01-30 17:30:00'),
  (1786, 358, '2025-01-13 08:45:00', '2025-01-13 13:45:00'),
  (1787, 358, '2025-02-26 11:15:00', '2025-02-26 15:45:00'),
  (1788, 358, '2025-01-22 17:00:00', '2025-01-22 20:00:00'),
  (1789, 358, '2025-01-31 17:15:00', '2025-01-31 21:15:00'),
  (1790, 358, '2025-02-24 13:45:00', '2025-02-24 18:15:00'),
  (1791, 359, '2025-01-01 11:15:00', '2025-01-01 15:45:00'),
  (1792, 359, '2025-01-10 11:00:00', '2025-01-10 14:30:00'),
  (1793, 359, '2025-02-11 15:00:00', '2025-02-11 18:00:00'),
  (1794, 359, '2025-02-09 11:00:00', '2025-02-09 15:00:00'),
  (1795, 359, '2025-01-13 17:45:00', '2025-01-13 20:45:00'),
  (1796, 360, '2025-02-27 16:15:00', '2025-02-27 19:15:00'),
  (1797, 360, '2025-01-19 11:15:00', '2025-01-19 14:15:00'),
  (1798, 360, '2025-01-24 11:45:00', '2025-01-24 15:45:00'),
  (1799, 360, '2025-02-25 17:15:00', '2025-02-25 21:15:00'),
  (1800, 360, '2025-02-21 11:45:00', '2025-02-21 15:45:00'),
  (1801, 361, '2025-02-09 11:15:00', '2025-02-09 15:15:00'),
  (1802, 361, '2025-02-27 10:15:00', '2025-02-27 14:15:00'),
  (1803, 361, '2025-02-19 11:30:00', '2025-02-19 16:00:00'),
  (1804, 361, '2025-02-06 16:00:00', '2025-02-06 19:00:00'),
  (1805, 361, '2025-02-22 10:00:00', '2025-02-22 13:30:00'),
  (1806, 362, '2025-01-05 13:00:00', '2025-01-05 17:30:00'),
  (1807, 362, '2025-02-08 18:30:00', '2025-02-08 22:00:00'),
  (1808, 362, '2025-01-09 11:00:00', '2025-01-09 16:00:00'),
  (1809, 362, '2025-02-07 14:15:00', '2025-02-07 18:15:00'),
  (1810, 362, '2025-01-06 11:15:00', '2025-01-06 16:15:00'),
  (1811, 363, '2025-01-08 15:15:00', '2025-01-08 18:45:00'),
  (1812, 363, '2025-01-05 10:00:00', '2025-01-05 15:00:00'),
  (1813, 363, '2025-01-31 10:45:00', '2025-01-31 15:45:00'),
  (1814, 363, '2025-02-16 18:15:00', '2025-02-16 22:45:00'),
  (1815, 363, '2025-01-16 19:15:00', '2025-01-17 00:15:00'),
  (1816, 364, '2025-01-28 18:00:00', '2025-01-28 21:30:00'),
  (1817, 364, '2025-02-24 16:00:00', '2025-02-24 19:30:00'),
  (1818, 364, '2025-01-20 14:30:00', '2025-01-20 19:00:00'),
  (1819, 364, '2025-01-08 11:30:00', '2025-01-08 16:00:00'),
  (1820, 364, '2025-02-03 18:30:00', '2025-02-03 21:30:00'),
  (1821, 365, '2025-02-06 17:00:00', '2025-02-06 21:30:00'),
  (1822, 365, '2025-02-03 08:45:00', '2025-02-03 13:15:00'),
  (1823, 365, '2025-01-28 10:15:00', '2025-01-28 13:15:00'),
  (1824, 365, '2025-02-17 13:15:00', '2025-02-17 17:45:00'),
  (1825, 365, '2025-01-21 11:00:00', '2025-01-21 14:00:00'),
  (1826, 366, '2025-01-14 14:00:00', '2025-01-14 19:00:00'),
  (1827, 366, '2025-02-20 16:15:00', '2025-02-20 20:45:00'),
  (1828, 366, '2025-01-29 18:15:00', '2025-01-29 21:15:00'),
  (1829, 366, '2025-01-07 14:45:00', '2025-01-07 19:15:00'),
  (1830, 366, '2025-03-01 13:00:00', '2025-03-01 17:30:00'),
  (1831, 367, '2025-02-04 17:30:00', '2025-02-04 20:30:00'),
  (1832, 367, '2025-02-28 17:00:00', '2025-02-28 22:00:00'),
  (1833, 367, '2025-02-14 19:15:00', '2025-02-14 23:15:00'),
  (1834, 367, '2025-02-26 10:15:00', '2025-02-26 14:15:00'),
  (1835, 367, '2025-02-06 14:30:00', '2025-02-06 19:30:00'),
  (1836, 368, '2025-01-06 08:30:00', '2025-01-06 13:00:00'),
  (1837, 368, '2025-01-03 14:00:00', '2025-01-03 19:00:00'),
  (1838, 368, '2025-01-23 13:45:00', '2025-01-23 18:45:00'),
  (1839, 368, '2025-01-02 12:00:00', '2025-01-02 15:00:00'),
  (1840, 368, '2025-01-01 17:30:00', '2025-01-01 22:30:00'),
  (1841, 369, '2025-01-09 13:15:00', '2025-01-09 16:15:00'),
  (1842, 369, '2025-03-02 17:00:00', '2025-03-02 22:00:00'),
  (1843, 369, '2025-01-19 12:00:00', '2025-01-19 17:00:00'),
  (1844, 369, '2025-02-09 16:45:00', '2025-02-09 21:15:00'),
  (1845, 369, '2025-01-02 09:30:00', '2025-01-02 13:00:00'),
  (1846, 370, '2025-02-26 10:30:00', '2025-02-26 14:30:00'),
  (1847, 370, '2025-02-03 13:15:00', '2025-02-03 16:45:00'),
  (1848, 370, '2025-02-05 12:45:00', '2025-02-05 16:15:00'),
  (1849, 370, '2025-02-26 16:15:00', '2025-02-26 21:15:00'),
  (1850, 370, '2025-02-04 10:15:00', '2025-02-04 13:45:00'),
  (1851, 371, '2025-02-13 12:00:00', '2025-02-13 15:30:00'),
  (1852, 371, '2025-01-29 09:45:00', '2025-01-29 12:45:00'),
  (1853, 371, '2025-02-02 16:00:00', '2025-02-02 19:00:00'),
  (1854, 371, '2025-01-06 10:45:00', '2025-01-06 15:45:00'),
  (1855, 371, '2025-01-10 09:30:00', '2025-01-10 14:30:00'),
  (1856, 372, '2025-01-18 17:45:00', '2025-01-18 21:45:00'),
  (1857, 372, '2025-02-13 13:30:00', '2025-02-13 16:30:00'),
  (1858, 372, '2025-01-10 08:45:00', '2025-01-10 11:45:00'),
  (1859, 372, '2025-02-05 11:00:00', '2025-02-05 16:00:00'),
  (1860, 372, '2025-01-20 09:00:00', '2025-01-20 12:00:00'),
  (1861, 373, '2025-02-12 18:15:00', '2025-02-12 22:45:00'),
  (1862, 373, '2025-01-07 10:00:00', '2025-01-07 14:00:00'),
  (1863, 373, '2025-02-02 14:00:00', '2025-02-02 17:00:00'),
  (1864, 373, '2025-01-22 15:30:00', '2025-01-22 19:30:00'),
  (1865, 373, '2025-01-22 16:45:00', '2025-01-22 20:15:00'),
  (1866, 374, '2025-01-21 08:45:00', '2025-01-21 12:15:00'),
  (1867, 374, '2025-01-11 08:15:00', '2025-01-11 12:45:00'),
  (1868, 374, '2025-02-15 19:00:00', '2025-02-15 22:30:00'),
  (1869, 374, '2025-02-10 12:15:00', '2025-02-10 17:15:00'),
  (1870, 374, '2025-01-04 14:30:00', '2025-01-04 19:00:00'),
  (1871, 375, '2025-01-06 10:00:00', '2025-01-06 14:00:00'),
  (1872, 375, '2025-01-14 11:00:00', '2025-01-14 14:30:00'),
  (1873, 375, '2025-01-30 17:00:00', '2025-01-30 20:30:00'),
  (1874, 375, '2025-02-16 16:15:00', '2025-02-16 19:45:00'),
  (1875, 375, '2025-01-02 14:45:00', '2025-01-02 19:45:00'),
  (1876, 376, '2025-01-05 19:00:00', '2025-01-05 23:00:00'),
  (1877, 376, '2025-02-19 08:30:00', '2025-02-19 13:00:00'),
  (1878, 376, '2025-02-15 18:00:00', '2025-02-15 21:00:00'),
  (1879, 376, '2025-02-15 17:45:00', '2025-02-15 21:15:00'),
  (1880, 376, '2025-02-19 17:30:00', '2025-02-19 21:30:00'),
  (1881, 377, '2025-02-09 15:15:00', '2025-02-09 19:15:00'),
  (1882, 377, '2025-01-02 12:00:00', '2025-01-02 16:00:00'),
  (1883, 377, '2025-02-28 17:30:00', '2025-02-28 22:00:00'),
  (1884, 377, '2025-02-21 15:15:00', '2025-02-21 19:15:00'),
  (1885, 377, '2025-01-05 08:45:00', '2025-01-05 12:45:00'),
  (1886, 378, '2025-01-13 08:30:00', '2025-01-13 12:30:00'),
  (1887, 378, '2025-01-09 12:00:00', '2025-01-09 15:00:00'),
  (1888, 378, '2025-02-23 11:45:00', '2025-02-23 16:45:00'),
  (1889, 378, '2025-02-27 14:00:00', '2025-02-27 17:30:00'),
  (1890, 378, '2025-02-05 16:45:00', '2025-02-05 21:45:00'),
  (1891, 379, '2025-01-12 18:15:00', '2025-01-12 22:45:00'),
  (1892, 379, '2025-01-06 18:15:00', '2025-01-06 23:15:00'),
  (1893, 379, '2025-02-20 09:45:00', '2025-02-20 12:45:00'),
  (1894, 379, '2025-02-18 12:00:00', '2025-02-18 16:00:00'),
  (1895, 379, '2025-02-19 17:00:00', '2025-02-19 21:30:00'),
  (1896, 380, '2025-01-31 09:30:00', '2025-01-31 14:30:00'),
  (1897, 380, '2025-02-06 18:45:00', '2025-02-06 23:45:00'),
  (1898, 380, '2025-01-19 08:45:00', '2025-01-19 12:15:00'),
  (1899, 380, '2025-02-15 14:00:00', '2025-02-15 17:00:00'),
  (1900, 380, '2025-01-10 15:15:00', '2025-01-10 19:15:00'),
  (1901, 381, '2025-02-24 15:15:00', '2025-02-24 19:15:00'),
  (1902, 381, '2025-02-18 13:30:00', '2025-02-18 17:00:00'),
  (1903, 381, '2025-01-23 09:15:00', '2025-01-23 13:45:00'),
  (1904, 381, '2025-02-23 14:30:00', '2025-02-23 19:00:00'),
  (1905, 381, '2025-02-19 15:30:00', '2025-02-19 20:30:00'),
  (1906, 382, '2025-01-09 14:45:00', '2025-01-09 19:45:00'),
  (1907, 382, '2025-01-28 17:30:00', '2025-01-28 21:30:00'),
  (1908, 382, '2025-01-21 15:15:00', '2025-01-21 18:15:00'),
  (1909, 382, '2025-01-16 15:15:00', '2025-01-16 18:45:00'),
  (1910, 382, '2025-02-15 11:15:00', '2025-02-15 14:15:00'),
  (1911, 383, '2025-02-16 15:00:00', '2025-02-16 19:00:00'),
  (1912, 383, '2025-02-07 13:15:00', '2025-02-07 17:45:00'),
  (1913, 383, '2025-02-22 08:00:00', '2025-02-22 12:30:00'),
  (1914, 383, '2025-01-18 14:15:00', '2025-01-18 17:45:00'),
  (1915, 383, '2025-01-20 18:45:00', '2025-01-20 21:45:00'),
  (1916, 384, '2025-01-20 16:15:00', '2025-01-20 19:45:00'),
  (1917, 384, '2025-02-22 08:30:00', '2025-02-22 11:30:00'),
  (1918, 384, '2025-01-05 15:15:00', '2025-01-05 19:45:00'),
  (1919, 384, '2025-01-12 12:00:00', '2025-01-12 16:00:00'),
  (1920, 384, '2025-03-02 15:00:00', '2025-03-02 18:00:00'),
  (1921, 385, '2025-01-04 17:30:00', '2025-01-04 21:00:00'),
  (1922, 385, '2025-01-22 12:45:00', '2025-01-22 16:45:00'),
  (1923, 385, '2025-02-28 14:00:00', '2025-02-28 17:00:00'),
  (1924, 385, '2025-02-09 18:15:00', '2025-02-09 21:45:00'),
  (1925, 385, '2025-01-26 13:45:00', '2025-01-26 16:45:00'),
  (1926, 386, '2025-01-24 19:45:00', '2025-01-24 23:45:00'),
  (1927, 386, '2025-01-06 14:00:00', '2025-01-06 17:30:00'),
  (1928, 386, '2025-02-13 16:00:00', '2025-02-13 20:00:00'),
  (1929, 386, '2025-02-06 08:45:00', '2025-02-06 13:15:00'),
  (1930, 386, '2025-02-26 09:45:00', '2025-02-26 14:15:00'),
  (1931, 387, '2025-02-18 19:00:00', '2025-02-19 00:00:00'),
  (1932, 387, '2025-02-06 16:15:00', '2025-02-06 21:15:00'),
  (1933, 387, '2025-02-21 12:30:00', '2025-02-21 17:00:00'),
  (1934, 387, '2025-01-22 08:30:00', '2025-01-22 13:30:00'),
  (1935, 387, '2025-01-20 18:45:00', '2025-01-20 23:45:00'),
  (1936, 388, '2025-01-03 17:15:00', '2025-01-03 22:15:00'),
  (1937, 388, '2025-02-17 16:15:00', '2025-02-17 19:45:00'),
  (1938, 388, '2025-02-15 15:00:00', '2025-02-15 20:00:00'),
  (1939, 388, '2025-02-19 11:30:00', '2025-02-19 16:30:00'),
  (1940, 388, '2025-01-12 19:30:00', '2025-01-12 23:30:00'),
  (1941, 389, '2025-02-04 17:30:00', '2025-02-04 22:00:00'),
  (1942, 389, '2025-03-02 08:30:00', '2025-03-02 13:30:00'),
  (1943, 389, '2025-01-21 16:15:00', '2025-01-21 19:15:00'),
  (1944, 389, '2025-02-14 11:30:00', '2025-02-14 15:30:00'),
  (1945, 389, '2025-02-06 17:15:00', '2025-02-06 22:15:00'),
  (1946, 390, '2025-02-08 12:15:00', '2025-02-08 16:45:00'),
  (1947, 390, '2025-01-13 10:00:00', '2025-01-13 13:00:00'),
  (1948, 390, '2025-01-05 19:45:00', '2025-01-05 22:45:00'),
  (1949, 390, '2025-01-18 17:15:00', '2025-01-18 21:45:00'),
  (1950, 390, '2025-01-26 09:45:00', '2025-01-26 14:15:00'),
  (1951, 391, '2025-01-29 16:15:00', '2025-01-29 19:45:00'),
  (1952, 391, '2025-01-19 15:30:00', '2025-01-19 19:30:00'),
  (1953, 391, '2025-01-28 17:30:00', '2025-01-28 22:30:00'),
  (1954, 391, '2025-01-26 12:45:00', '2025-01-26 15:45:00'),
  (1955, 391, '2025-02-19 13:15:00', '2025-02-19 16:45:00'),
  (1956, 392, '2025-01-19 13:45:00', '2025-01-19 18:45:00'),
  (1957, 392, '2025-02-26 16:30:00', '2025-02-26 20:30:00'),
  (1958, 392, '2025-02-03 15:15:00', '2025-02-03 18:45:00'),
  (1959, 392, '2025-02-19 11:30:00', '2025-02-19 14:30:00'),
  (1960, 392, '2025-01-13 18:00:00', '2025-01-13 22:00:00'),
  (1961, 393, '2025-02-26 17:45:00', '2025-02-26 20:45:00'),
  (1962, 393, '2025-01-23 14:15:00', '2025-01-23 17:45:00'),
  (1963, 393, '2025-01-03 11:00:00', '2025-01-03 15:00:00'),
  (1964, 393, '2025-01-03 17:15:00', '2025-01-03 22:15:00'),
  (1965, 393, '2025-02-28 13:45:00', '2025-02-28 18:15:00'),
  (1966, 394, '2025-02-03 09:45:00', '2025-02-03 14:15:00'),
  (1967, 394, '2025-02-16 19:15:00', '2025-02-17 00:15:00'),
  (1968, 394, '2025-02-17 14:30:00', '2025-02-17 17:30:00'),
  (1969, 394, '2025-01-27 09:00:00', '2025-01-27 12:00:00'),
  (1970, 394, '2025-01-31 11:45:00', '2025-01-31 16:15:00'),
  (1971, 395, '2025-02-21 10:00:00', '2025-02-21 13:30:00'),
  (1972, 395, '2025-02-17 11:45:00', '2025-02-17 15:15:00'),
  (1973, 395, '2025-02-19 19:15:00', '2025-02-19 23:15:00'),
  (1974, 395, '2025-01-03 17:15:00', '2025-01-03 20:15:00'),
  (1975, 395, '2025-02-02 09:45:00', '2025-02-02 12:45:00'),
  (1976, 396, '2025-01-12 14:30:00', '2025-01-12 18:30:00'),
  (1977, 396, '2025-01-28 15:00:00', '2025-01-28 19:00:00'),
  (1978, 396, '2025-01-20 19:00:00', '2025-01-20 22:00:00'),
  (1979, 396, '2025-03-01 12:00:00', '2025-03-01 16:00:00'),
  (1980, 396, '2025-01-21 18:45:00', '2025-01-21 22:15:00'),
  (1981, 397, '2025-02-26 11:30:00', '2025-02-26 15:30:00'),
  (1982, 397, '2025-02-24 15:15:00', '2025-02-24 19:15:00'),
  (1983, 397, '2025-01-09 19:30:00', '2025-01-10 00:00:00'),
  (1984, 397, '2025-02-07 11:30:00', '2025-02-07 15:00:00'),
  (1985, 397, '2025-02-09 19:00:00', '2025-02-09 23:00:00'),
  (1986, 398, '2025-01-21 11:15:00', '2025-01-21 14:15:00'),
  (1987, 398, '2025-03-02 17:30:00', '2025-03-02 20:30:00'),
  (1988, 398, '2025-01-04 19:15:00', '2025-01-04 23:15:00'),
  (1989, 398, '2025-03-02 15:00:00', '2025-03-02 19:00:00'),
  (1990, 398, '2025-01-28 08:30:00', '2025-01-28 13:00:00'),
  (1991, 399, '2025-02-20 12:15:00', '2025-02-20 17:15:00'),
  (1992, 399, '2025-01-11 16:45:00', '2025-01-11 20:15:00'),
  (1993, 399, '2025-02-27 14:00:00', '2025-02-27 17:00:00'),
  (1994, 399, '2025-01-06 19:30:00', '2025-01-06 22:30:00'),
  (1995, 399, '2025-02-03 10:00:00', '2025-02-03 14:00:00'),
  (1996, 400, '2025-01-06 19:15:00', '2025-01-06 23:45:00'),
  (1997, 400, '2025-02-24 08:30:00', '2025-02-24 13:00:00'),
  (1998, 400, '2025-01-15 11:00:00', '2025-01-15 15:30:00'),
  (1999, 400, '2025-02-04 13:45:00', '2025-02-04 17:15:00'),
  (2000, 400, '2025-02-08 18:00:00', '2025-02-08 21:00:00');

INSERT INTO availability (availability_id, tutor_availability_id, student_availability_id, start_time, end_time) VALUES
  (1, 300, 1063, '2025-02-26 18:22:43', '2025-02-26 19:22:43'),
  (2, 442, 663, '2025-02-02 13:23:43', '2025-02-02 14:23:43'),
  (3, 429, 1701, '2025-01-06 19:53:13', '2025-01-06 20:53:13'),
  (4, 759, 1475, '2025-02-02 13:18:32', '2025-02-02 14:18:32'),
  (5, 77, 90, '2025-01-21 14:45:00', '2025-01-21 15:45:00'),
  (6, 589, 1109, '2025-02-01 16:46:42', '2025-02-01 17:46:42'),
  (7, 536, 690, '2025-01-10 13:22:27', '2025-01-10 14:22:27'),
  (8, 544, 1654, '2025-01-25 15:29:14', '2025-01-25 16:29:14'),
  (9, 800, 127, '2025-02-25 11:28:26', '2025-02-25 12:28:26'),
  (10, 361, 897, '2025-01-28 16:44:35', '2025-01-28 17:44:35'),
  (11, 515, 1308, '2025-02-01 14:55:11', '2025-02-01 15:55:11'),
  (12, 616, 1687, '2025-02-10 14:39:57', '2025-02-10 15:39:57'),
  (13, 140, 1669, '2025-02-22 12:17:19', '2025-02-22 13:17:19'),
  (14, 297, 197, '2025-01-19 16:45:21', '2025-01-19 17:45:21'),
  (15, 193, 7, '2025-01-21 12:26:32', '2025-01-21 13:26:32'),
  (16, 140, 1104, '2025-02-22 11:00:00', '2025-02-22 12:00:00'),
  (17, 672, 1210, '2025-01-26 12:08:00', '2025-01-26 13:08:00'),
  (18, 203, 883, '2025-01-07 15:15:19', '2025-01-07 16:15:19'),
  (19, 290, 1970, '2025-01-31 11:52:49', '2025-01-31 12:52:49'),
  (20, 598, 1983, '2025-01-09 21:11:56', '2025-01-09 22:11:56'),
  (21, 220, 1956, '2025-01-19 16:38:25', '2025-01-19 17:38:25'),
  (22, 455, 1657, '2025-01-15 09:59:49', '2025-01-15 10:59:49'),
  (23, 277, 644, '2025-02-20 17:33:56', '2025-02-20 18:33:56'),
  (24, 57, 1852, '2025-01-29 10:19:16', '2025-01-29 11:19:16'),
  (25, 456, 1133, '2025-02-17 15:45:00', '2025-02-17 16:45:00'),
  (26, 275, 882, '2025-03-01 16:56:11', '2025-03-01 17:56:11'),
  (27, 375, 759, '2025-02-13 11:08:34', '2025-02-13 12:08:34'),
  (28, 665, 1320, '2025-02-16 13:14:15', '2025-02-16 14:14:15'),
  (29, 499, 650, '2025-02-28 11:35:06', '2025-02-28 12:35:06'),
  (30, 520, 788, '2025-03-02 11:00:00', '2025-03-02 12:00:00'),
  (31, 406, 241, '2025-01-05 17:09:51', '2025-01-05 18:09:51'),
  (32, 503, 942, '2025-02-06 14:42:14', '2025-02-06 15:42:14'),
  (33, 652, 1581, '2025-01-14 20:40:41', '2025-01-14 21:40:41'),
  (34, 714, 101, '2025-01-01 14:00:00', '2025-01-01 15:00:00'),
  (35, 91, 1334, '2025-01-27 16:43:59', '2025-01-27 17:43:59'),
  (36, 463, 1552, '2025-01-14 13:09:47', '2025-01-14 14:09:47'),
  (37, 45, 133, '2025-01-13 15:01:03', '2025-01-13 16:01:03'),
  (38, 504, 1192, '2025-01-14 13:08:33', '2025-01-14 14:08:33'),
  (39, 524, 1038, '2025-01-11 20:29:48', '2025-01-11 21:29:48'),
  (40, 82, 1717, '2025-01-27 16:00:00', '2025-01-27 17:00:00'),
  (41, 348, 1077, '2025-01-04 14:40:24', '2025-01-04 15:40:24'),
  (42, 89, 789, '2025-01-09 16:45:16', '2025-01-09 17:45:16'),
  (43, 273, 1248, '2025-01-19 13:17:35', '2025-01-19 14:17:35'),
  (44, 140, 1742, '2025-02-22 14:03:32', '2025-02-22 15:03:32'),
  (45, 368, 1671, '2025-01-03 14:41:23', '2025-01-03 15:41:23'),
  (46, 546, 511, '2025-02-22 19:29:16', '2025-02-22 20:29:16'),
  (47, 560, 1638, '2025-03-01 09:54:50', '2025-03-01 10:54:50'),
  (48, 649, 1294, '2025-01-13 10:51:17', '2025-01-13 11:51:17'),
  (49, 236, 1694, '2025-01-15 13:16:26', '2025-01-15 14:16:26'),
  (50, 745, 229, '2025-02-14 11:04:02', '2025-02-14 12:04:02'),
  (51, 560, 764, '2025-03-01 09:49:56', '2025-03-01 10:49:56'),
  (52, 549, 1935, '2025-01-20 19:40:42', '2025-01-20 20:40:42'),
  (53, 590, 307, '2025-01-06 09:11:26', '2025-01-06 10:11:26'),
  (54, 390, 576, '2025-01-15 18:04:56', '2025-01-15 19:04:56'),
  (55, 392, 383, '2025-02-24 18:21:53', '2025-02-24 19:21:53'),
  (56, 550, 922, '2025-01-05 17:29:38', '2025-01-05 18:29:38'),
  (57, 444, 1957, '2025-02-26 19:22:19', '2025-02-26 20:22:19'),
  (58, 206, 1623, '2025-02-12 14:25:07', '2025-02-12 15:25:07'),
  (59, 425, 292, '2025-01-08 12:07:43', '2025-01-08 13:07:43'),
  (60, 392, 527, '2025-02-24 17:47:19', '2025-02-24 18:47:19'),
  (61, 614, 211, '2025-02-21 12:35:39', '2025-02-21 13:35:39'),
  (62, 488, 1981, '2025-02-26 12:20:18', '2025-02-26 13:20:18'),
  (63, 732, 1656, '2025-01-07 19:33:16', '2025-01-07 20:33:16'),
  (64, 291, 1954, '2025-01-26 14:30:47', '2025-01-26 15:30:47'),
  (65, 441, 205, '2025-01-06 12:46:03', '2025-01-06 13:46:03'),
  (66, 307, 354, '2025-01-06 09:58:15', '2025-01-06 10:58:15'),
  (67, 228, 278, '2025-02-10 19:50:08', '2025-02-10 20:50:08'),
  (68, 732, 1069, '2025-01-07 18:35:15', '2025-01-07 19:35:15'),
  (69, 184, 994, '2025-02-11 14:40:58', '2025-02-11 15:40:58'),
  (70, 544, 954, '2025-01-25 13:48:37', '2025-01-25 14:48:37'),
  (71, 571, 289, '2025-01-02 18:48:04', '2025-01-02 19:48:04'),
  (72, 797, 1819, '2025-01-08 14:43:21', '2025-01-08 15:43:21'),
  (73, 290, 166, '2025-01-31 11:01:23', '2025-01-31 12:01:23'),
  (74, 208, 704, '2025-01-08 19:19:47', '2025-01-08 20:19:47'),
  (75, 363, 1469, '2025-01-18 14:45:00', '2025-01-18 15:45:00'),
  (76, 181, 1131, '2025-03-01 14:24:27', '2025-03-01 15:24:27'),
  (77, 669, 1608, '2025-01-09 13:50:18', '2025-01-09 14:50:18'),
  (78, 248, 1144, '2025-02-20 13:16:32', '2025-02-20 14:16:32'),
  (79, 231, 1017, '2025-01-28 20:24:09', '2025-01-28 21:24:09'),
  (80, 738, 1230, '2025-01-08 12:54:46', '2025-01-08 13:54:46'),
  (81, 651, 1660, '2025-01-07 17:00:00', '2025-01-07 18:00:00'),
  (82, 538, 821, '2025-02-04 10:23:23', '2025-02-04 11:23:23'),
  (83, 723, 1963, '2025-01-03 13:29:12', '2025-01-03 14:29:12'),
  (84, 401, 1779, '2025-01-19 16:40:51', '2025-01-19 17:40:51'),
  (85, 489, 843, '2025-01-25 15:30:33', '2025-01-25 16:30:33'),
  (86, 785, 1051, '2025-01-25 17:50:25', '2025-01-25 18:50:25'),
  (87, 559, 774, '2025-02-19 16:13:29', '2025-02-19 17:13:29'),
  (88, 219, 1006, '2025-01-22 20:45:39', '2025-01-22 21:45:39'),
  (89, 350, 1142, '2025-01-29 09:04:58', '2025-01-29 10:04:58'),
  (90, 444, 177, '2025-02-26 18:15:47', '2025-02-26 19:15:47'),
  (91, 209, 1791, '2025-01-01 13:49:59', '2025-01-01 14:49:59'),
  (92, 666, 1973, '2025-02-19 19:15:00', '2025-02-19 20:15:00'),
  (93, 570, 321, '2025-01-10 19:35:51', '2025-01-10 20:35:51'),
  (94, 561, 14, '2025-01-04 13:45:05', '2025-01-04 14:45:05'),
  (95, 730, 253, '2025-01-22 19:15:03', '2025-01-22 20:15:03'),
  (96, 66, 1314, '2025-01-16 11:40:04', '2025-01-16 12:40:04'),
  (97, 263, 742, '2025-01-03 10:51:20', '2025-01-03 11:51:20'),
  (98, 721, 472, '2025-01-27 19:23:39', '2025-01-27 20:23:39'),
  (99, 407, 1723, '2025-01-14 13:17:47', '2025-01-14 14:17:47'),
  (100, 431, 1637, '2025-02-24 19:52:15', '2025-02-24 20:52:15'),
  (101, 37, 1660, '2025-01-07 15:44:45', '2025-01-07 16:44:45'),
  (102, 83, 1673, '2025-02-11 19:41:43', '2025-02-11 20:41:43'),
  (103, 548, 1340, '2025-02-02 19:29:38', '2025-02-02 20:29:38'),
  (104, 401, 819, '2025-01-19 17:25:44', '2025-01-19 18:25:44'),
  (105, 149, 1346, '2025-02-22 11:44:39', '2025-02-22 12:44:39'),
  (106, 522, 83, '2025-02-27 19:43:56', '2025-02-27 20:43:56'),
  (107, 751, 426, '2025-01-26 10:31:30', '2025-01-26 11:31:30'),
  (108, 501, 259, '2025-01-25 18:32:15', '2025-01-25 19:32:15'),
  (109, 249, 1265, '2025-01-27 18:42:24', '2025-01-27 19:42:24'),
  (110, 334, 1961, '2025-02-26 17:45:00', '2025-02-26 18:45:00'),
  (111, 780, 1195, '2025-02-24 15:13:19', '2025-02-24 16:13:19'),
  (112, 77, 1750, '2025-01-21 13:31:46', '2025-01-21 14:31:46'),
  (113, 400, 312, '2025-02-23 15:33:00', '2025-02-23 16:33:00'),
  (114, 468, 277, '2025-01-04 11:55:41', '2025-01-04 12:55:41'),
  (115, 118, 348, '2025-01-16 11:57:49', '2025-01-16 12:57:49'),
  (116, 532, 180, '2025-01-13 17:19:14', '2025-01-13 18:19:14'),
  (117, 95, 133, '2025-01-13 15:23:35', '2025-01-13 16:23:35');

INSERT INTO booking (booking_id, tutor_id, student_id, course_id, location_id, availability_id) VALUES
  (1, 68, 191, 89, 14, 70),
  (2, 8, 371, 70, 20, 24),
  (3, 66, 17, 95, 19, 106),
  (4, 10, 18, 19, 12, 5),
  (5, 66, 208, 83, 1, 39),
  (6, 35, 250, 70, 19, 43),
  (7, 33, 149, 85, 16, 97),
  (8, 10, 350, 29, 20, 112),
  (9, 91, 393, 60, 12, 83),
  (10, 46, 294, 11, 11, 75),
  (11, 26, 141, 13, 6, 74),
  (12, 56, 41, 75, 15, 65),
  (13, 92, 214, 25, 16, 68),
  (14, 29, 56, 59, 12, 67),
  (15, 68, 331, 59, 16, 8),
  (16, 26, 177, 37, 8, 18),
  (17, 77, 43, 97, 16, 61);

INSERT INTO review (review_id, booking_id, rating, grade_before, grade_after, student_feedback, tutor_feedback) VALUES
  (1, 1, 3, 73, 70, '3, False', 'True'),
  (2, 2, 4, 100, 100, '4, True', 'True'),
  (3, 3, 5, 99, 100, '5, True', 'False'),
  (4, 4, 1, 54, 50, '1, False', 'True'),
  (5, 5, 5, 55, 51, '5, True', 'False'),
  (6, 6, 1, 75, 82, '1, False', 'True'),
  (7, 7, 2, 83, 77, '2, False', 'True'),
  (8, 8, 2, 61, 68, '2, False', 'False'),
  (9, 9, 2, 57, 67, '2, False', 'True'),
  (10, 10, 5, 74, 80, '5, True', 'True'),
  (11, 11, 2, 55, 57, '2, False', 'True'),
  (12, 12, 5, 52, 53, '5, True', 'True'),
  (13, 13, 2, 60, 71, '2, False', 'False'),
  (14, 14, 1, 51, 60, '1, False', 'True'),
  (15, 15, 2, 58, 59, '2, False', 'False'),
  (16, 16, 5, 53, 49, '5, True', 'False'),
  (17, 17, 3, 71, 77, '3, False', 'False');

INSERT INTO payment (payment_id, booking_id, method, status) VALUES
  (1, 1, 'Debit', 'COMPLETED'),
  (2, 2, 'Credit Card', 'COMPLETED'),
  (3, 3, 'E-Transfer', 'FAILED'),
  (4, 4, 'E-Transfer', 'COMPLETED'),
  (5, 5, 'Cash', 'FAILED'),
  (6, 6, 'E-Transfer', 'COMPLETED'),
  (7, 7, 'Debit', 'COMPLETED'),
  (8, 8, 'Debit', 'FAILED'),
  (9, 9, 'E-Transfer', 'COMPLETED'),
  (10, 10, 'Credit Card', 'PENDING'),
  (11, 11, 'Debit', 'COMPLETED'),
  (12, 12, 'PayPal', 'PENDING'),
  (13, 13, 'PayPal', 'COMPLETED'),
  (14, 14, 'Cash', 'COMPLETED'),
  (15, 15, 'Credit Card', 'COMPLETED'),
  (16, 16, 'Credit Card', 'COMPLETED'),
  (17, 17, 'E-Transfer', 'COMPLETED');

